x1,x2,x3,group,y
0,0,0,0,0.9639
0,0,0,0,-1.5432
0,0,0,0,-2.8682
0,0,0,0,-1.4196
0,0,0,0,-0.8988
0,0,0,0,-0.7242
0,0,0,0,1.1969
0,0,0,0,-2.8544
0,0,0,0,-0.0405
0,0,0,0,-0.7559
0,0,0,0,-0.922
0,0,0,0,1.1117
0,0,0,0,2.1669
0,0,0,0,2.5583
0,0,0,0,0.3052
0,0,0,0,1.3543
0,0,0,0,1.1785
0,0,0,0,-0.6518
0,0,0,0,0.861
0,0,0,0,1.3055
0,0,0,0,-0.6872
0,0,0,0,-0.3065
0,0,0,0,-1.0155
0,0,0,0,1.159
0,0,0,0,0.336
0,0,0,0,-0.2707
0,0,0,0,-0.0669
0,0,0,0,0.1324
0,0,0,0,-1.334
0,0,0,0,2.4683
0,0,0,0,-0.2179
0,0,0,0,0.6507
0,0,0,0,-0.5812
0,0,0,0,1.101
0,0,0,0,0.5745
0,0,0,0,0.3657
0,0,0,0,0.321
0,0,0,0,1.1543
0,0,0,0,0.5412
0,0,0,0,-0.1272
0,0,0,0,0.0684
0,0,0,0,-1.2682
0,0,0,0,0.2456
0,0,0,0,-0.0858
0,0,0,0,1.0485
0,0,0,0,0.6127
0,0,0,0,-1.2446
0,0,0,0,-0.3313
0,0,0,0,1.1086
0,0,0,0,-0.1618
0,0,0,0,-0.512
0,0,0,0,-1.0961
0,0,0,0,0.0289
0,0,0,0,-1.0204
0,0,0,0,-0.231
0,0,0,0,0.359
0,0,0,0,-0.2678
0,0,0,0,1.726
0,0,0,0,-1.0075
0,0,0,0,0.9651
0,0,0,0,1.0085
0,0,0,0,0.5054
0,0,0,0,0.8676
0,0,0,0,-2.2505
0,0,0,0,-0.5893
0,0,0,0,-1.4727
0,0,0,0,0.8332
0,0,0,0,0.4023
0,0,0,0,-2.1748
0,0,0,0,-1.4309
0,0,0,0,-0.4298
0,0,0,0,1.2843
0,0,0,0,2.6559
0,0,0,0,-0.7927
0,0,0,0,0.8638
0,0,0,0,-0.3255
0,0,0,0,1.3724
0,0,0,0,0.7743
0,0,0,0,-0.7627
0,0,0,0,-1.4269
0,0,0,0,-1.118
0,0,0,0,-1.6588
0,0,0,0,-1.2481
0,0,0,0,0.8752
0,0,0,0,-0.0521
0,0,0,0,0.3544
0,0,0,0,0.8715
0,0,0,0,-1.4131
0,0,0,0,-1.703
0,0,0,0,-1.4264
0,0,0,0,0.2854
0,0,0,0,0.838
0,0,0,0,-0.8771
0,0,0,0,-2.449
0,0,0,0,-0.564
0,0,0,0,-1.2014
0,0,0,0,0.9921
0,0,0,0,1.0433
0,0,0,0,1.9233
0,0,0,0,1.5458
0,0,0,1,-0.001
0,0,0,1,-0.2724
0,0,0,1,-1.1763
0,0,0,1,1.5866
0,0,0,1,-0.2821
0,0,0,1,0.0823
0,0,0,1,-0.22
0,0,0,1,-0.1136
0,0,0,1,0.7222
0,0,0,1,0.6387
0,0,0,1,1.9803
0,0,0,1,-0.5293
0,0,0,1,-0.2476
0,0,0,1,2.2082
0,0,0,1,0.7336
0,0,0,1,0.1601
0,0,0,1,1.715
0,0,0,1,-0.8676
0,0,0,1,0.7483
0,0,0,1,-0.1573
0,0,0,1,-0.669
0,0,0,1,-0.0226
0,0,0,1,0.6075
0,0,0,1,-0.227
0,0,0,1,0.1962
0,0,0,1,1.1262
0,0,0,1,1.8021
0,0,0,1,-0.9428
0,0,0,1,0.8092
0,0,0,1,-0.2976
0,0,0,1,0.3462
0,0,0,1,0.4358
0,0,0,1,0.0656
0,0,0,1,-1.0112
0,0,0,1,0.3306
0,0,0,1,0.6539
0,0,0,1,-0.4652
0,0,0,1,-0.5314
0,0,0,1,-0.5079
0,0,0,1,-0.7583
0,0,0,1,-0.6953
0,0,0,1,-2.4718
0,0,0,1,-0.5212
0,0,0,1,-0.5093
0,0,0,1,0.0499
0,0,0,1,0.3826
0,0,0,1,-0.745
0,0,0,1,0.8408
0,0,0,1,-0.074
0,0,0,1,0.4491
0,0,0,1,-0.1358
0,0,0,1,0.6673
0,0,0,1,-1.7138
0,0,0,1,-2.6581
0,0,0,1,0.0988
0,0,0,1,0.5904
0,0,0,1,-0.6101
0,0,0,1,-0.0687
0,0,0,1,-1.5124
0,0,0,1,0.7484
0,0,0,1,-1.3502
0,0,0,1,1.583
0,0,0,1,0.6385
0,0,0,1,0.2771
0,0,0,1,-1.3894
0,0,0,1,-2.9432
0,0,0,1,0.9447
0,0,0,1,-2.3166
0,0,0,1,0.4389
0,0,0,1,-0.6883
0,0,0,1,-0.4123
0,0,0,1,0.3502
0,0,0,1,-0.3444
0,0,0,1,-0.0045
0,0,0,1,0.2589
0,0,0,1,0.263
0,0,0,1,0.8304
0,0,0,1,0.8274
0,0,0,1,0.6568
0,0,0,1,-0.5293
0,0,0,1,-0.7955
0,0,0,1,0.161
0,0,0,1,-1.6178
0,0,0,1,-0.7536
0,0,0,1,0.5934
0,0,0,1,0.0775
0,0,0,1,-1.811
0,0,0,1,0.7318
0,0,0,1,-1.9561
0,0,0,1,-1.2903
0,0,0,1,1.004
0,0,0,1,-7.00E-04
0,0,0,1,0.1448
0,0,0,1,0.4846
0,0,0,1,-1.0947
0,0,0,1,0.674
0,0,0,1,-0.3912
0,0,0,1,0.253
0,0,0,1,0.8011
0,0,0,1,-0.0747
0,0,1,0,1.6183
0,0,1,0,-0.4549
0,0,1,0,-1.0943
0,0,1,0,0.5513
0,0,1,0,0.8921
0,0,1,0,0.062
0,0,1,0,1.1905
0,0,1,0,-1.2321
0,0,1,0,0.2987
0,0,1,0,-1.4824
0,0,1,0,0.3876
0,0,1,0,-0.0558
0,0,1,0,0.286
0,0,1,0,0.6356
0,0,1,0,-0.0608
0,0,1,0,0.1496
0,0,1,0,0.9814
0,0,1,0,-1.2245
0,0,1,0,0.8454
0,0,1,0,-0.3237
0,0,1,0,0.2112
0,0,1,0,-3.00E-04
0,0,1,0,-2.1187
0,0,1,0,-0.9663
0,0,1,0,1.1539
0,0,1,0,-1.718
0,0,1,0,-0.5843
0,0,1,0,-0.5391
0,0,1,0,-0.0914
0,0,1,0,-1.1744
0,0,1,0,-0.0945
0,0,1,0,0.9803
0,0,1,0,-0.1894
0,0,1,0,1.0841
0,0,1,0,0.5066
0,0,1,0,1.3473
0,0,1,0,-0.4045
0,0,1,0,-0.1572
0,0,1,0,-0.2414
0,0,1,0,-0.3244
0,0,1,0,0.4831
0,0,1,0,1.172
0,0,1,0,-0.563
0,0,1,0,0.0876
0,0,1,0,1.4012
0,0,1,0,0.3193
0,0,1,0,-0.1392
0,0,1,0,1.198
0,0,1,0,0.4734
0,0,1,0,-0.735
0,0,1,0,1.5902
0,0,1,0,-0.2416
0,0,1,0,0.1976
0,0,1,0,-1.1075
0,0,1,0,0.4904
0,0,1,0,-0.0175
0,0,1,0,-1.1402
0,0,1,0,0.7637
0,0,1,0,0.0586
0,0,1,0,-0.1339
0,0,1,0,2.1135
0,0,1,0,-0.3174
0,0,1,0,-1.1837
0,0,1,0,0.6576
0,0,1,0,-1.4785
0,0,1,0,-0.0966
0,0,1,0,-0.3743
0,0,1,0,0.7377
0,0,1,0,-1.1201
0,0,1,0,-1.6426
0,0,1,0,0.735
0,0,1,0,-0.1941
0,0,1,0,0.6351
0,0,1,0,-1.2254
0,0,1,0,-0.9999
0,0,1,0,-0.5139
0,0,1,0,0.229
0,0,1,0,-1.0977
0,0,1,0,-0.1371
0,0,1,0,1.3384
0,0,1,0,-0.6396
0,0,1,0,-1.5844
0,0,1,0,-0.8629
0,0,1,0,1.9204
0,0,1,0,-0.5688
0,0,1,0,0.985
0,0,1,0,-0.2351
0,0,1,0,-2.9002
0,0,1,0,-0.0358
0,0,1,0,0.7117
0,0,1,0,1.9452
0,0,1,0,0.1159
0,0,1,0,0.002
0,0,1,0,-1.6809
0,0,1,0,-0.7319
0,0,1,0,-0.8579
0,0,1,0,0.0514
0,0,1,0,-0.8411
0,0,1,0,-0.4493
0,0,1,0,-1.8225
0,0,1,1,-0.7446
0,0,1,1,-0.5367
0,0,1,1,-0.6945
0,0,1,1,-0.7297
0,0,1,1,-0.8126
0,0,1,1,0.2851
0,0,1,1,0.1297
0,0,1,1,0.1806
0,0,1,1,0.0564
0,0,1,1,0.1547
0,0,1,1,-0.7646
0,0,1,1,-0.6249
0,0,1,1,0.8288
0,0,1,1,0.9759
0,0,1,1,1.6342
0,0,1,1,-0.3145
0,0,1,1,-1.1421
0,0,1,1,1.7945
0,0,1,1,-0.5719
0,0,1,1,0.9265
0,0,1,1,0.9433
0,0,1,1,-1.5344
0,0,1,1,1.4841
0,0,1,1,-1.4192
0,0,1,1,0.8679
0,0,1,1,-0.007
0,0,1,1,1.2916
0,0,1,1,-1.9514
0,0,1,1,-1.7401
0,0,1,1,0.3992
0,0,1,1,0.3101
0,0,1,1,-0.5783
0,0,1,1,1.2393
0,0,1,1,0.1478
0,0,1,1,-1.0986
0,0,1,1,-1.861
0,0,1,1,-0.4941
0,0,1,1,-0.3218
0,0,1,1,-0.5639
0,0,1,1,-1.5599
0,0,1,1,-0.7096
0,0,1,1,-0.4026
0,0,1,1,-0.1818
0,0,1,1,-0.5416
0,0,1,1,-0.3329
0,0,1,1,-1.2155
0,0,1,1,-0.1512
0,0,1,1,0.0932
0,0,1,1,-0.9733
0,0,1,1,0.0453
0,0,1,1,0.846
0,0,1,1,-1.3434
0,0,1,1,0.3051
0,0,1,1,1.0207
0,0,1,1,2.0848
0,0,1,1,0.8888
0,0,1,1,-1.5672
0,0,1,1,-0.8265
0,0,1,1,-0.0214
0,0,1,1,-0.8283
0,0,1,1,0.1917
0,0,1,1,0.3371
0,0,1,1,0.7436
0,0,1,1,-0.3684
0,0,1,1,-0.3134
0,0,1,1,0.699
0,0,1,1,-1.0215
0,0,1,1,0.9375
0,0,1,1,1.7954
0,0,1,1,-0.0094
0,0,1,1,-0.1687
0,0,1,1,0.3895
0,0,1,1,-0.6827
0,0,1,1,0.5535
0,0,1,1,0.2775
0,0,1,1,-0.4372
0,0,1,1,0.8846
0,0,1,1,0.1951
0,0,1,1,-0.7171
0,0,1,1,0.436
0,0,1,1,-1.5748
0,0,1,1,-0.6306
0,0,1,1,0.4398
0,0,1,1,-0.9704
0,0,1,1,1.9806
0,0,1,1,0.4618
0,0,1,1,-1.1947
0,0,1,1,0.6754
0,0,1,1,0.1909
0,0,1,1,0.7223
0,0,1,1,0.5388
0,0,1,1,-1.3302
0,0,1,1,0.4479
0,0,1,1,0.6531
0,0,1,1,-0.3625
0,0,1,1,-0.6617
0,0,1,1,0.1836
0,0,1,1,1.2451
0,0,1,1,-0.669
0,0,1,1,0.0103
0,0,2,0,0.1735
0,0,2,0,0.367
0,0,2,0,-0.2788
0,0,2,0,-0.6868
0,0,2,0,0.4199
0,0,2,0,-0.8685
0,0,2,0,1.2529
0,0,2,0,-2.4236
0,0,2,0,0.9404
0,0,2,0,1.1003
0,0,2,0,-0.1917
0,0,2,0,-0.9535
0,0,2,0,-1.0999
0,0,2,0,0.0643
0,0,2,0,-0.7621
0,0,2,0,-0.8596
0,0,2,0,0.1981
0,0,2,0,0.4425
0,0,2,0,-0.7598
0,0,2,0,0.3387
0,0,2,0,0.9185
0,0,2,0,-0.1345
0,0,2,0,1.4611
0,0,2,0,0.79
0,0,2,0,0.8136
0,0,2,0,0.5189
0,0,2,0,0.7251
0,0,2,0,-0.2582
0,0,2,0,-0.6566
0,0,2,0,0.785
0,0,2,0,0.8274
0,0,2,0,0.7069
0,0,2,0,1.1257
0,0,2,0,-1.2265
0,0,2,0,0.8235
0,0,2,0,1.627
0,0,2,0,-1.003
0,0,2,0,-2.6672
0,0,2,0,1.3153
0,0,2,0,0.927
0,0,2,0,-1.2698
0,0,2,0,2.6383
0,0,2,0,0.0926
0,0,2,0,1.5971
0,0,2,0,0.2221
0,0,2,0,-0.7936
0,0,2,0,-0.041
0,0,2,0,-0.2827
0,0,2,0,-0.5376
0,0,2,0,-1.005
0,0,2,0,0.2655
0,0,2,0,-1.2078
0,0,2,0,-0.0637
0,0,2,0,1.3363
0,0,2,0,-0.3044
0,0,2,0,-0.5943
0,0,2,0,-1.4523
0,0,2,0,-0.3508
0,0,2,0,1.2481
0,0,2,0,-0.6731
0,0,2,0,0.1102
0,0,2,0,-1.1393
0,0,2,0,0.2284
0,0,2,0,-0.1594
0,0,2,0,2.9736
0,0,2,0,0.8468
0,0,2,0,0.7591
0,0,2,0,-1.0923
0,0,2,0,0.0671
0,0,2,0,0.1515
0,0,2,0,0.0953
0,0,2,0,-0.4395
0,0,2,0,0.2319
0,0,2,0,-1.1323
0,0,2,0,-2.0292
0,0,2,0,-0.4067
0,0,2,0,-0.345
0,0,2,0,0.4811
0,0,2,0,0.3146
0,0,2,0,-0.2764
0,0,2,0,1.1148
0,0,2,0,-1.9796
0,0,2,0,-1.5284
0,0,2,0,-0.5144
0,0,2,0,-0.2427
0,0,2,0,-0.1482
0,0,2,0,-0.7503
0,0,2,0,-0.1764
0,0,2,0,-0.0385
0,0,2,0,0.1835
0,0,2,0,0.2564
0,0,2,0,-0.6936
0,0,2,0,-2.0813
0,0,2,0,-0.1705
0,0,2,0,-0.072
0,0,2,0,-1.2002
0,0,2,0,1.036
0,0,2,0,0.0465
0,0,2,0,0.5772
0,0,2,0,-0.6557
0,0,2,1,0.4907
0,0,2,1,1.0718
0,0,2,1,-0.0732
0,0,2,1,-1.6313
0,0,2,1,0.4579
0,0,2,1,-1.1352
0,0,2,1,0.4799
0,0,2,1,-0.3532
0,0,2,1,0.0818
0,0,2,1,-0.4761
0,0,2,1,-1.1727
0,0,2,1,0.1137
0,0,2,1,0.3225
0,0,2,1,-0.8916
0,0,2,1,-0.9533
0,0,2,1,-0.7574
0,0,2,1,0.3078
0,0,2,1,-1.7209
0,0,2,1,-0.6786
0,0,2,1,-0.2092
0,0,2,1,-0.3186
0,0,2,1,-1.1153
0,0,2,1,-0.4544
0,0,2,1,0.7075
0,0,2,1,0.6496
0,0,2,1,-0.8547
0,0,2,1,-0.6065
0,0,2,1,-0.8898
0,0,2,1,0.514
0,0,2,1,0.7059
0,0,2,1,0.293
0,0,2,1,-0.1635
0,0,2,1,2.0309
0,0,2,1,0.4489
0,0,2,1,-0.0713
0,0,2,1,-0.9115
0,0,2,1,1.1123
0,0,2,1,-1.0305
0,0,2,1,0.0659
0,0,2,1,-0.3647
0,0,2,1,-0.3207
0,0,2,1,-0.9302
0,0,2,1,-0.836
0,0,2,1,-0.5631
0,0,2,1,0.1302
0,0,2,1,0.2329
0,0,2,1,0.7867
0,0,2,1,1.1461
0,0,2,1,-0.532
0,0,2,1,0.028
0,0,2,1,0.4971
0,0,2,1,-0.4785
0,0,2,1,0.5623
0,0,2,1,-0.5565
0,0,2,1,-0.1098
0,0,2,1,-0.5669
0,0,2,1,-0.5788
0,0,2,1,-0.7999
0,0,2,1,-1.4112
0,0,2,1,-0.1849
0,0,2,1,1.3362
0,0,2,1,-0.4205
0,0,2,1,0.3614
0,0,2,1,-0.8274
0,0,2,1,-0.691
0,0,2,1,1.18
0,0,2,1,-0.7804
0,0,2,1,0.6453
0,0,2,1,0.4863
0,0,2,1,0.0764
0,0,2,1,-0.681
0,0,2,1,1.2328
0,0,2,1,-0.3457
0,0,2,1,0.3639
0,0,2,1,-0.001
0,0,2,1,0.3911
0,0,2,1,-1.3769
0,0,2,1,-2.1399
0,0,2,1,-0.8975
0,0,2,1,2.1235
0,0,2,1,-0.9505
0,0,2,1,1.5788
0,0,2,1,-0.9552
0,0,2,1,-0.122
0,0,2,1,0.5355
0,0,2,1,0.5425
0,0,2,1,-0.6223
0,0,2,1,-1.5592
0,0,2,1,-2.4772
0,0,2,1,-0.6691
0,0,2,1,1.5561
0,0,2,1,-0.4575
0,0,2,1,0.7926
0,0,2,1,0.1927
0,0,2,1,0.2416
0,0,2,1,0.3089
0,0,2,1,-0.289
0,0,2,1,-0.2812
0,0,2,1,-1.5589
0,0,2,1,0.3218
0,1,0,0,-0.1155
0,1,0,0,1.6384
0,1,0,0,-1.3771
0,1,0,0,-0.9355
0,1,0,0,1.7706
0,1,0,0,1.4779
0,1,0,0,-0.4775
0,1,0,0,0.538
0,1,0,0,0.7074
0,1,0,0,-0.9614
0,1,0,0,-0.2878
0,1,0,0,-0.0486
0,1,0,0,0.2364
0,1,0,0,-0.8284
0,1,0,0,-0.2183
0,1,0,0,0.3535
0,1,0,0,-2.452
0,1,0,0,-0.8221
0,1,0,0,0.4832
0,1,0,0,0.0879
0,1,0,0,0.7342
0,1,0,0,-0.1825
0,1,0,0,-0.3969
0,1,0,0,0.7427
0,1,0,0,0.5021
0,1,0,0,-0.0448
0,1,0,0,1.4864
0,1,0,0,-2.0987
0,1,0,0,-0.5518
0,1,0,0,-0.0365
0,1,0,0,0.245
0,1,0,0,-0.2289
0,1,0,0,1.6904
0,1,0,0,-1.7991
0,1,0,0,-2.6616
0,1,0,0,1.00E-04
0,1,0,0,0.7682
0,1,0,0,0.7195
0,1,0,0,0.0706
0,1,0,0,-0.3039
0,1,0,0,-0.6657
0,1,0,0,-0.8081
0,1,0,0,-0.3953
0,1,0,0,0.839
0,1,0,0,-1.0342
0,1,0,0,-1.5938
0,1,0,0,0.5352
0,1,0,0,-0.3237
0,1,0,0,0.931
0,1,0,0,-1.6369
0,1,0,0,0.1108
0,1,0,0,-0.4293
0,1,0,0,0.1333
0,1,0,0,0.2527
0,1,0,0,0.3703
0,1,0,0,1.6367
0,1,0,0,1.2498
0,1,0,0,0.2365
0,1,0,0,-2.5082
0,1,0,0,1.5812
0,1,0,0,1.857
0,1,0,0,-1.4849
0,1,0,0,-1.817
0,1,0,0,0.8208
0,1,0,0,0.1706
0,1,0,0,0.1976
0,1,0,0,0.257
0,1,0,0,1.2887
0,1,0,0,0.4748
0,1,0,0,0.749
0,1,0,0,-0.2711
0,1,0,0,1.6602
0,1,0,0,0.7789
0,1,0,0,0.6252
0,1,0,0,0.8697
0,1,0,0,-0.7164
0,1,0,0,0.0299
0,1,0,0,0.2913
0,1,0,0,-0.5401
0,1,0,0,0.7516
0,1,0,0,0.2763
0,1,0,0,-1.4022
0,1,0,0,-1.4213
0,1,0,0,-0.7351
0,1,0,0,-1.0537
0,1,0,0,-0.8223
0,1,0,0,-1.5873
0,1,0,0,-0.0654
0,1,0,0,1.5487
0,1,0,0,0.7943
0,1,0,0,0.3186
0,1,0,0,0.7653
0,1,0,0,-2.5846
0,1,0,0,-2.4843
0,1,0,0,-0.7594
0,1,0,0,0.7043
0,1,0,0,0.9265
0,1,0,0,1.0405
0,1,0,0,2.7376
0,1,0,0,-1.3409
0,1,0,1,-0.5024
0,1,0,1,-0.5291
0,1,0,1,0.9125
0,1,0,1,0.6638
0,1,0,1,0.3688
0,1,0,1,-0.0878
0,1,0,1,0.793
0,1,0,1,-0.2332
0,1,0,1,-0.7589
0,1,0,1,-0.828
0,1,0,1,1.3161
0,1,0,1,1.3733
0,1,0,1,1.0383
0,1,0,1,-2.1176
0,1,0,1,0.431
0,1,0,1,1.631
0,1,0,1,0.2812
0,1,0,1,0.8861
0,1,0,1,-0.2822
0,1,0,1,0.2533
0,1,0,1,0.4122
0,1,0,1,0.4476
0,1,0,1,0.0413
0,1,0,1,-0.369
0,1,0,1,0.6859
0,1,0,1,0.5787
0,1,0,1,0.096
0,1,0,1,0.7934
0,1,0,1,-0.028
0,1,0,1,-1.1035
0,1,0,1,0.654
0,1,0,1,0.3937
0,1,0,1,0.4416
0,1,0,1,0.1622
0,1,0,1,0.2453
0,1,0,1,-1.0985
0,1,0,1,0.3162
0,1,0,1,-2.7344
0,1,0,1,-0.4154
0,1,0,1,0.1009
0,1,0,1,-0.2717
0,1,0,1,-1.2025
0,1,0,1,-1.5198
0,1,0,1,1.0386
0,1,0,1,-0.1238
0,1,0,1,1.2382
0,1,0,1,-0.5764
0,1,0,1,0.5072
0,1,0,1,-2.0311
0,1,0,1,0.3337
0,1,0,1,0.8902
0,1,0,1,0.9116
0,1,0,1,0.8589
0,1,0,1,-1.134
0,1,0,1,-0.3871
0,1,0,1,1.5679
0,1,0,1,-0.1242
0,1,0,1,-1.3065
0,1,0,1,-0.1042
0,1,0,1,0.3069
0,1,0,1,0.5138
0,1,0,1,0.1913
0,1,0,1,-0.5684
0,1,0,1,0.1242
0,1,0,1,-0.4365
0,1,0,1,-0.5386
0,1,0,1,0.4666
0,1,0,1,1.2453
0,1,0,1,-0.7741
0,1,0,1,1.9193
0,1,0,1,-0.9992
0,1,0,1,-0.3838
0,1,0,1,-1.7088
0,1,0,1,0.9609
0,1,0,1,1.0285
0,1,0,1,-1.2277
0,1,0,1,-1.4522
0,1,0,1,-0.662
0,1,0,1,1.1022
0,1,0,1,0.2927
0,1,0,1,0.5079
0,1,0,1,1.1282
0,1,0,1,-0.6382
0,1,0,1,-2.9921
0,1,0,1,-0.5668
0,1,0,1,-0.7775
0,1,0,1,-0.2993
0,1,0,1,0.6657
0,1,0,1,0.5225
0,1,0,1,-0.4533
0,1,0,1,2.3014
0,1,0,1,0.043
0,1,0,1,1.2993
0,1,0,1,-1.8726
0,1,0,1,1.0804
0,1,0,1,-0.259
0,1,0,1,0.9599
0,1,0,1,-0.6068
0,1,0,1,-0.6873
0,1,0,1,0.4943
0,1,1,0,1.3863
0,1,1,0,0.1333
0,1,1,0,0.7595
0,1,1,0,0.9901
0,1,1,0,-0.8563
0,1,1,0,-2.0151
0,1,1,0,-0.5936
0,1,1,0,-1.4439
0,1,1,0,0.5091
0,1,1,0,-0.2097
0,1,1,0,-1.1323
0,1,1,0,-0.4639
0,1,1,0,0.5801
0,1,1,0,-0.9273
0,1,1,0,-0.5615
0,1,1,0,2.2406
0,1,1,0,-0.308
0,1,1,0,1.1573
0,1,1,0,1.8101
0,1,1,0,-1.2707
0,1,1,0,1.3077
0,1,1,0,1.352
0,1,1,0,1.4434
0,1,1,0,-1.0559
0,1,1,0,-0.5639
0,1,1,0,-0.9654
0,1,1,0,0.9835
0,1,1,0,-0.7831
0,1,1,0,-1.1175
0,1,1,0,0.1149
0,1,1,0,-0.5033
0,1,1,0,-1.4893
0,1,1,0,-0.4739
0,1,1,0,-0.3225
0,1,1,0,0.9951
0,1,1,0,0.9394
0,1,1,0,-1.1194
0,1,1,0,-1.6178
0,1,1,0,-0.2376
0,1,1,0,-0.0617
0,1,1,0,-0.2446
0,1,1,0,0.0583
0,1,1,0,1.7169
0,1,1,0,0.4563
0,1,1,0,1.0217
0,1,1,0,0.6528
0,1,1,0,-0.213
0,1,1,0,-0.6059
0,1,1,0,0.2942
0,1,1,0,-0.3196
0,1,1,0,-1.341
0,1,1,0,-0.6559
0,1,1,0,0.2378
0,1,1,0,-1.2605
0,1,1,0,1.3963
0,1,1,0,-1.817
0,1,1,0,1.7792
0,1,1,0,-0.5635
0,1,1,0,-0.5414
0,1,1,0,-0.6523
0,1,1,0,2.4
0,1,1,0,0.5392
0,1,1,0,-0.2784
0,1,1,0,-0.3299
0,1,1,0,-0.0809
0,1,1,0,-0.3703
0,1,1,0,-0.1125
0,1,1,0,-0.7633
0,1,1,0,0.467
0,1,1,0,0.0104
0,1,1,0,0.0118
0,1,1,0,-0.3703
0,1,1,0,0.676
0,1,1,0,1.2668
0,1,1,0,0.642
0,1,1,0,0.4282
0,1,1,0,1.3525
0,1,1,0,-0.0762
0,1,1,0,-1.7472
0,1,1,0,1.8717
0,1,1,0,-0.3122
0,1,1,0,-1.5112
0,1,1,0,-0.0467
0,1,1,0,1.0858
0,1,1,0,-1.4052
0,1,1,0,-0.564
0,1,1,0,-0.5442
0,1,1,0,-0.7088
0,1,1,0,-0.1399
0,1,1,0,-0.4826
0,1,1,0,-0.9852
0,1,1,0,-0.2467
0,1,1,0,0.2039
0,1,1,0,-0.7071
0,1,1,0,0.109
0,1,1,0,0.0523
0,1,1,0,0.6328
0,1,1,0,-1.1734
0,1,1,0,1.4593
0,1,1,0,-0.3592
0,1,1,1,0.3685
0,1,1,1,-0.9928
0,1,1,1,0.565
0,1,1,1,0.3629
0,1,1,1,-2.5743
0,1,1,1,-0.2467
0,1,1,1,2.188
0,1,1,1,-0.1532
0,1,1,1,0.0998
0,1,1,1,0.8548
0,1,1,1,-0.3743
0,1,1,1,-0.436
0,1,1,1,0.7033
0,1,1,1,-0.7298
0,1,1,1,-2.022
0,1,1,1,1.5225
0,1,1,1,0.3962
0,1,1,1,0.4241
0,1,1,1,0.5063
0,1,1,1,2.0185
0,1,1,1,-0.369
0,1,1,1,-2.4737
0,1,1,1,0.8042
0,1,1,1,0.9015
0,1,1,1,2.2198
0,1,1,1,0.9949
0,1,1,1,0.0514
0,1,1,1,0.2188
0,1,1,1,-0.0204
0,1,1,1,0.7102
0,1,1,1,0.0181
0,1,1,1,-0.4836
0,1,1,1,-0.8513
0,1,1,1,-0.361
0,1,1,1,-0.7693
0,1,1,1,0.0978
0,1,1,1,0.2954
0,1,1,1,0.2783
0,1,1,1,0.1066
0,1,1,1,-0.444
0,1,1,1,0.5601
0,1,1,1,0.5768
0,1,1,1,-0.6704
0,1,1,1,0.9318
0,1,1,1,0.1289
0,1,1,1,0.9029
0,1,1,1,-0.8577
0,1,1,1,0.5655
0,1,1,1,0.2654
0,1,1,1,-0.9094
0,1,1,1,-0.1905
0,1,1,1,-0.014
0,1,1,1,-0.7909
0,1,1,1,-1.0498
0,1,1,1,-1.6455
0,1,1,1,0.4396
0,1,1,1,-0.0773
0,1,1,1,0.0649
0,1,1,1,0.5575
0,1,1,1,-0.7481
0,1,1,1,0.6883
0,1,1,1,0.2919
0,1,1,1,-1.9457
0,1,1,1,-0.4854
0,1,1,1,-0.07
0,1,1,1,0.9199
0,1,1,1,1.2219
0,1,1,1,0.5758
0,1,1,1,0.5408
0,1,1,1,-1.1867
0,1,1,1,0.6109
0,1,1,1,-0.1378
0,1,1,1,0.788
0,1,1,1,-0.9513
0,1,1,1,-0.0188
0,1,1,1,1.4405
0,1,1,1,-0.0887
0,1,1,1,0.5609
0,1,1,1,-1.5552
0,1,1,1,-0.4549
0,1,1,1,-0.4544
0,1,1,1,0.8265
0,1,1,1,-0.462
0,1,1,1,0.0705
0,1,1,1,0.0871
0,1,1,1,-0.7282
0,1,1,1,-0.3309
0,1,1,1,-0.3639
0,1,1,1,0.1826
0,1,1,1,0.8111
0,1,1,1,0.5644
0,1,1,1,1.0286
0,1,1,1,-0.764
0,1,1,1,-0.0366
0,1,1,1,0.2
0,1,1,1,-1.0468
0,1,1,1,1.6459
0,1,1,1,1.0631
0,1,1,1,-0.7047
0,1,1,1,-1.3044
0,1,2,0,1.7568
0,1,2,0,-0.3141
0,1,2,0,-0.2006
0,1,2,0,-0.5629
0,1,2,0,1.0343
0,1,2,0,-0.7636
0,1,2,0,-0.5473
0,1,2,0,-0.3004
0,1,2,0,-1.5108
0,1,2,0,1.2165
0,1,2,0,0.5789
0,1,2,0,-0.5237
0,1,2,0,-1.1848
0,1,2,0,0.5413
0,1,2,0,-0.9122
0,1,2,0,-1.9014
0,1,2,0,0.3412
0,1,2,0,0.7038
0,1,2,0,-0.7045
0,1,2,0,-0.903
0,1,2,0,-0.6751
0,1,2,0,1.1072
0,1,2,0,0.7112
0,1,2,0,-0.8005
0,1,2,0,-0.0303
0,1,2,0,-0.8978
0,1,2,0,1.1976
0,1,2,0,-1.9945
0,1,2,0,1.6228
0,1,2,0,0.6171
0,1,2,0,0.0299
0,1,2,0,-0.0151
0,1,2,0,-0.4577
0,1,2,0,-0.0277
0,1,2,0,0.5601
0,1,2,0,0.5769
0,1,2,0,-0.5964
0,1,2,0,-0.7471
0,1,2,0,1.0251
0,1,2,0,-1.1998
0,1,2,0,-0.689
0,1,2,0,0.3894
0,1,2,0,-0.8546
0,1,2,0,0.215
0,1,2,0,-1.5986
0,1,2,0,0.4901
0,1,2,0,2.6443
0,1,2,0,-0.3657
0,1,2,0,-0.6887
0,1,2,0,-2.0302
0,1,2,0,-0.1412
0,1,2,0,0.6664
0,1,2,0,1.4093
0,1,2,0,-0.0147
0,1,2,0,0.8789
0,1,2,0,0.5073
0,1,2,0,0.4218
0,1,2,0,1.0699
0,1,2,0,-1.9335
0,1,2,0,-0.0445
0,1,2,0,0.5656
0,1,2,0,-0.2275
0,1,2,0,0.7542
0,1,2,0,1.1723
0,1,2,0,-0.1752
0,1,2,0,-0.7499
0,1,2,0,-0.3415
0,1,2,0,1.0261
0,1,2,0,-1.3687
0,1,2,0,-1.2204
0,1,2,0,-1.3524
0,1,2,0,1.2522
0,1,2,0,-0.5361
0,1,2,0,-1.1
0,1,2,0,0.2464
0,1,2,0,-1.194
0,1,2,0,0.9768
0,1,2,0,1.196
0,1,2,0,-1.7929
0,1,2,0,-0.6132
0,1,2,0,-1.0107
0,1,2,0,-0.8879
0,1,2,0,0.3054
0,1,2,0,-0.334
0,1,2,0,1.2091
0,1,2,0,-0.6864
0,1,2,0,0.0481
0,1,2,0,0.4299
0,1,2,0,1.8828
0,1,2,0,-0.2583
0,1,2,0,-0.2396
0,1,2,0,1.0234
0,1,2,0,0.6328
0,1,2,0,-0.3019
0,1,2,0,0.0272
0,1,2,0,0.9372
0,1,2,0,-1.1234
0,1,2,0,-0.0428
0,1,2,0,-0.8731
0,1,2,0,1.1588
0,1,2,1,-0.5407
0,1,2,1,0.3686
0,1,2,1,-0.4445
0,1,2,1,1.0722
0,1,2,1,0.3346
0,1,2,1,-0.4275
0,1,2,1,1.5577
0,1,2,1,-0.7476
0,1,2,1,1.4578
0,1,2,1,1.1161
0,1,2,1,-1.5624
0,1,2,1,-0.4637
0,1,2,1,0.5711
0,1,2,1,1.8286
0,1,2,1,0.5544
0,1,2,1,0.0161
0,1,2,1,0.766
0,1,2,1,-0.5436
0,1,2,1,-0.704
0,1,2,1,0.7156
0,1,2,1,0.9054
0,1,2,1,0.6671
0,1,2,1,0.0193
0,1,2,1,0.8503
0,1,2,1,-0.2284
0,1,2,1,0.6036
0,1,2,1,0.5817
0,1,2,1,1.2448
0,1,2,1,0.8257
0,1,2,1,9.00E-04
0,1,2,1,-0.8581
0,1,2,1,-1.762
0,1,2,1,-0.4961
0,1,2,1,0.1225
0,1,2,1,-0.8529
0,1,2,1,-0.7526
0,1,2,1,1.2774
0,1,2,1,0.1975
0,1,2,1,0.3257
0,1,2,1,-0.0799
0,1,2,1,0.7879
0,1,2,1,-1.1117
0,1,2,1,0.561
0,1,2,1,0.7419
0,1,2,1,-0.0299
0,1,2,1,-1.1527
0,1,2,1,0.5276
0,1,2,1,1.2932
0,1,2,1,0.627
0,1,2,1,-0.7381
0,1,2,1,-0.7779
0,1,2,1,0.4741
0,1,2,1,-1.1986
0,1,2,1,0.4481
0,1,2,1,1.9092
0,1,2,1,-0.5578
0,1,2,1,0.4303
0,1,2,1,0.0687
0,1,2,1,-0.0434
0,1,2,1,-1.0001
0,1,2,1,-0.5872
0,1,2,1,1.6994
0,1,2,1,-1.3349
0,1,2,1,0.5016
0,1,2,1,-0.565
0,1,2,1,0.6735
0,1,2,1,-0.2206
0,1,2,1,-0.0583
0,1,2,1,0.0408
0,1,2,1,-1.0546
0,1,2,1,-0.256
0,1,2,1,-1.3579
0,1,2,1,0.9424
0,1,2,1,0.2452
0,1,2,1,0.6911
0,1,2,1,0.0103
0,1,2,1,-0.8014
0,1,2,1,-0.5002
0,1,2,1,-1.7034
0,1,2,1,2.1065
0,1,2,1,-0.8913
0,1,2,1,-0.2731
0,1,2,1,0.5953
0,1,2,1,0.4579
0,1,2,1,-0.6785
0,1,2,1,-0.286
0,1,2,1,-0.4613
0,1,2,1,-0.5351
0,1,2,1,-0.1311
0,1,2,1,-0.731
0,1,2,1,-0.6381
0,1,2,1,-0.0415
0,1,2,1,1.8722
0,1,2,1,0.9609
0,1,2,1,0.3802
0,1,2,1,-0.2088
0,1,2,1,-0.7848
0,1,2,1,-1.1831
0,1,2,1,-2.0408
0,1,2,1,-1.2385
0,2,0,0,0.0568
0,2,0,0,0.1096
0,2,0,0,-0.2689
0,2,0,0,0.9686
0,2,0,0,0.6178
0,2,0,0,1.2727
0,2,0,0,-0.1699
0,2,0,0,-1.1767
0,2,0,0,-1.2268
0,2,0,0,-0.0934
0,2,0,0,-1.8267
0,2,0,0,-0.1318
0,2,0,0,-0.4931
0,2,0,0,-0.7052
0,2,0,0,-0.5401
0,2,0,0,0.35
0,2,0,0,1.0968
0,2,0,0,0.0268
0,2,0,0,0.5556
0,2,0,0,1.5444
0,2,0,0,1.0683
0,2,0,0,-0.1186
0,2,0,0,1.4971
0,2,0,0,-0.9431
0,2,0,0,-2.125
0,2,0,0,0.136
0,2,0,0,1.6047
0,2,0,0,0.8659
0,2,0,0,-1.2871
0,2,0,0,-1.0734
0,2,0,0,0.2249
0,2,0,0,1.2631
0,2,0,0,0.369
0,2,0,0,0.5833
0,2,0,0,-0.347
0,2,0,0,1.1027
0,2,0,0,1.5552
0,2,0,0,0.3044
0,2,0,0,1.2617
0,2,0,0,0.2496
0,2,0,0,-1.4762
0,2,0,0,2.3149
0,2,0,0,0.1437
0,2,0,0,0.8351
0,2,0,0,-0.6711
0,2,0,0,-0.4886
0,2,0,0,-0.7484
0,2,0,0,1.4573
0,2,0,0,0.4153
0,2,0,0,-0.6022
0,2,0,0,0.763
0,2,0,0,-0.1622
0,2,0,0,-0.8253
0,2,0,0,0.4049
0,2,0,0,0.6623
0,2,0,0,-0.2124
0,2,0,0,-0.6965
0,2,0,0,0.921
0,2,0,0,0.2622
0,2,0,0,0.2918
0,2,0,0,-0.5715
0,2,0,0,1.2109
0,2,0,0,-0.5531
0,2,0,0,-0.2621
0,2,0,0,0.1757
0,2,0,0,-1.1046
0,2,0,0,0.1017
0,2,0,0,0.5702
0,2,0,0,2.0022
0,2,0,0,-0.6427
0,2,0,0,0.4072
0,2,0,0,0.8267
0,2,0,0,-0.9521
0,2,0,0,-0.2975
0,2,0,0,-0.2747
0,2,0,0,0.016
0,2,0,0,-0.1074
0,2,0,0,-1.402
0,2,0,0,0.5498
0,2,0,0,-0.7123
0,2,0,0,2.2377
0,2,0,0,0.2241
0,2,0,0,0.6178
0,2,0,0,-0.1857
0,2,0,0,-0.5622
0,2,0,0,0.2363
0,2,0,0,0.7683
0,2,0,0,0.3532
0,2,0,0,-0.9263
0,2,0,0,0.5368
0,2,0,0,-0.0073
0,2,0,0,1.0868
0,2,0,0,2.199
0,2,0,0,0.8684
0,2,0,0,-0.6353
0,2,0,0,0.746
0,2,0,0,0.1743
0,2,0,0,-1.0027
0,2,0,0,0.3288
0,2,0,0,0.1721
0,2,0,1,-0.035
0,2,0,1,-1.1519
0,2,0,1,-1.3863
0,2,0,1,-0.3502
0,2,0,1,1.3865
0,2,0,1,1.0111
0,2,0,1,0.9243
0,2,0,1,-0.6794
0,2,0,1,-2.1097
0,2,0,1,-0.3191
0,2,0,1,-1.341
0,2,0,1,0.3987
0,2,0,1,-1.5454
0,2,0,1,0.6286
0,2,0,1,0.137
0,2,0,1,0.5015
0,2,0,1,1.3741
0,2,0,1,0.7802
0,2,0,1,-0.5098
0,2,0,1,0.6758
0,2,0,1,0.5172
0,2,0,1,-1.7705
0,2,0,1,1.5267
0,2,0,1,-1.7012
0,2,0,1,-0.2354
0,2,0,1,-0.3819
0,2,0,1,0.1078
0,2,0,1,-0.0561
0,2,0,1,-0.1957
0,2,0,1,-2.8673
0,2,0,1,-0.4067
0,2,0,1,-1.1024
0,2,0,1,-0.8017
0,2,0,1,-0.6676
0,2,0,1,-0.7904
0,2,0,1,1.2463
0,2,0,1,-1.0455
0,2,0,1,-0.2772
0,2,0,1,0.3323
0,2,0,1,-1.5543
0,2,0,1,-0.9427
0,2,0,1,-0.8932
0,2,0,1,0.0817
0,2,0,1,-1.0116
0,2,0,1,-0.2091
0,2,0,1,1.3007
0,2,0,1,-1.2432
0,2,0,1,0.4327
0,2,0,1,-0.6418
0,2,0,1,1.9886
0,2,0,1,-0.8621
0,2,0,1,1.2069
0,2,0,1,-0.2283
0,2,0,1,-0.0083
0,2,0,1,0.7587
0,2,0,1,0.5041
0,2,0,1,0.4174
0,2,0,1,0.2124
0,2,0,1,1.357
0,2,0,1,0.2839
0,2,0,1,0.6484
0,2,0,1,1.4759
0,2,0,1,0.3751
0,2,0,1,-1.1214
0,2,0,1,0.0263
0,2,0,1,0.0589
0,2,0,1,-0.4808
0,2,0,1,-2.759
0,2,0,1,1.0663
0,2,0,1,0.8595
0,2,0,1,-1.555
0,2,0,1,-0.1483
0,2,0,1,-0.7326
0,2,0,1,-2.0365
0,2,0,1,-1.0637
0,2,0,1,0.9947
0,2,0,1,-0.4374
0,2,0,1,-0.2173
0,2,0,1,-0.7706
0,2,0,1,-0.4905
0,2,0,1,0.8768
0,2,0,1,-2.1294
0,2,0,1,1.5322
0,2,0,1,1.8206
0,2,0,1,-1.296
0,2,0,1,-1.2255
0,2,0,1,-0.2734
0,2,0,1,-0.9928
0,2,0,1,-1.0498
0,2,0,1,-0.3402
0,2,0,1,1.8414
0,2,0,1,0.8717
0,2,0,1,-0.8061
0,2,0,1,0.4745
0,2,0,1,-0.1378
0,2,0,1,0.7588
0,2,0,1,0.3479
0,2,0,1,0.9154
0,2,0,1,0.1392
0,2,0,1,-1.2295
0,2,1,0,-1.2401
0,2,1,0,-0.9083
0,2,1,0,0.8743
0,2,1,0,2.1081
0,2,1,0,-0.517
0,2,1,0,-0.0532
0,2,1,0,-0.2623
0,2,1,0,0.3883
0,2,1,0,0.8809
0,2,1,0,0.0137
0,2,1,0,-0.4817
0,2,1,0,0.3694
0,2,1,0,-2.2005
0,2,1,0,-0.4615
0,2,1,0,1.7017
0,2,1,0,-0.6445
0,2,1,0,0.4329
0,2,1,0,-0.3111
0,2,1,0,-2.0827
0,2,1,0,0.1437
0,2,1,0,1.6146
0,2,1,0,0.9954
0,2,1,0,-0.0872
0,2,1,0,2.0311
0,2,1,0,0.9505
0,2,1,0,-0.1588
0,2,1,0,-0.4088
0,2,1,0,0.6283
0,2,1,0,-1.093
0,2,1,0,-2.1968
0,2,1,0,-1.985
0,2,1,0,1.2278
0,2,1,0,0.2708
0,2,1,0,0.5418
0,2,1,0,0.4792
0,2,1,0,-0.7138
0,2,1,0,-1.1649
0,2,1,0,-0.1907
0,2,1,0,1.6721
0,2,1,0,-0.1132
0,2,1,0,0.731
0,2,1,0,0.3109
0,2,1,0,0.4747
0,2,1,0,-0.7642
0,2,1,0,-0.5804
0,2,1,0,1.7629
0,2,1,0,0.3296
0,2,1,0,0.2927
0,2,1,0,-1.8638
0,2,1,0,-0.4388
0,2,1,0,-0.2155
0,2,1,0,0.6754
0,2,1,0,-0.2966
0,2,1,0,-0.6235
0,2,1,0,-0.2907
0,2,1,0,-0.8287
0,2,1,0,0.5457
0,2,1,0,2.2816
0,2,1,0,1.2686
0,2,1,0,-0.1847
0,2,1,0,0.7251
0,2,1,0,-0.2365
0,2,1,0,-0.2024
0,2,1,0,-0.8412
0,2,1,0,-0.4048
0,2,1,0,0.5312
0,2,1,0,0.2705
0,2,1,0,-0.558
0,2,1,0,2.0336
0,2,1,0,-2.3323
0,2,1,0,-1.4869
0,2,1,0,2.032
0,2,1,0,0.0868
0,2,1,0,0.4403
0,2,1,0,1.0869
0,2,1,0,-0.8405
0,2,1,0,0.4731
0,2,1,0,-1.896
0,2,1,0,0.9068
0,2,1,0,-0.7066
0,2,1,0,-0.4945
0,2,1,0,1.1006
0,2,1,0,0.2522
0,2,1,0,1.4678
0,2,1,0,-0.2354
0,2,1,0,0.7354
0,2,1,0,-1.0012
0,2,1,0,1.0487
0,2,1,0,-0.1621
0,2,1,0,1.7942
0,2,1,0,-0.3536
0,2,1,0,-1.5638
0,2,1,0,-0.2356
0,2,1,0,0.9439
0,2,1,0,0.1379
0,2,1,0,-0.1711
0,2,1,0,-0.589
0,2,1,0,0.971
0,2,1,0,0.6486
0,2,1,0,0.2988
0,2,1,1,0.5063
0,2,1,1,-0.7492
0,2,1,1,1.0292
0,2,1,1,-1.5238
0,2,1,1,-0.1819
0,2,1,1,-0.656
0,2,1,1,1.5722
0,2,1,1,0.5203
0,2,1,1,2.3001
0,2,1,1,-0.0512
0,2,1,1,1.8375
0,2,1,1,0.3166
0,2,1,1,-2.1375
0,2,1,1,-1.0755
0,2,1,1,2.0491
0,2,1,1,0.6857
0,2,1,1,1.1254
0,2,1,1,-1.8464
0,2,1,1,-0.4825
0,2,1,1,-0.0162
0,2,1,1,-0.5524
0,2,1,1,0.3227
0,2,1,1,-1.8361
0,2,1,1,2.2976
0,2,1,1,0.7064
0,2,1,1,-1.1804
0,2,1,1,-1.1147
0,2,1,1,-0.5303
0,2,1,1,0.2137
0,2,1,1,0.6319
0,2,1,1,-0.0413
0,2,1,1,0.2579
0,2,1,1,-0.5017
0,2,1,1,-1.7251
0,2,1,1,0.0419
0,2,1,1,1.2805
0,2,1,1,0.2553
0,2,1,1,1.4835
0,2,1,1,-0.1768
0,2,1,1,0.6763
0,2,1,1,1.6961
0,2,1,1,-0.1941
0,2,1,1,-0.2821
0,2,1,1,0.253
0,2,1,1,-1.4084
0,2,1,1,-0.0954
0,2,1,1,-0.6249
0,2,1,1,-1.6753
0,2,1,1,-0.5134
0,2,1,1,-0.3796
0,2,1,1,-0.8503
0,2,1,1,-0.8542
0,2,1,1,-0.3151
0,2,1,1,-0.4451
0,2,1,1,0.9779
0,2,1,1,0.6109
0,2,1,1,-1.1154
0,2,1,1,-1.798
0,2,1,1,0.5658
0,2,1,1,1.2451
0,2,1,1,1.5847
0,2,1,1,0.0107
0,2,1,1,0.9687
0,2,1,1,-0.2674
0,2,1,1,0.3443
0,2,1,1,-0.1528
0,2,1,1,1.4684
0,2,1,1,0.0134
0,2,1,1,-0.6796
0,2,1,1,-1.5361
0,2,1,1,2.4961
0,2,1,1,0.6974
0,2,1,1,-2.2742
0,2,1,1,2.9163
0,2,1,1,0.8926
0,2,1,1,1.8288
0,2,1,1,0.2826
0,2,1,1,0.4255
0,2,1,1,-0.0901
0,2,1,1,-0.4337
0,2,1,1,-0.2258
0,2,1,1,2.2224
0,2,1,1,-0.9146
0,2,1,1,-1.47
0,2,1,1,0.6082
0,2,1,1,-1.8781
0,2,1,1,1.7575
0,2,1,1,-2.1796
0,2,1,1,1.6613
0,2,1,1,0.3543
0,2,1,1,1.1907
0,2,1,1,-0.9851
0,2,1,1,-0.6573
0,2,1,1,1.0682
0,2,1,1,-1.6011
0,2,1,1,0.4085
0,2,1,1,-0.6173
0,2,1,1,-1.0735
0,2,1,1,1.1991
0,2,1,1,-1.9813
0,2,2,0,0.7031
0,2,2,0,-1.2464
0,2,2,0,0.3133
0,2,2,0,0.33
0,2,2,0,0.0954
0,2,2,0,-0.7526
0,2,2,0,-0.7362
0,2,2,0,0.3391
0,2,2,0,-0.5205
0,2,2,0,-0.4154
0,2,2,0,0.3324
0,2,2,0,0.9377
0,2,2,0,0.3218
0,2,2,0,-0.5531
0,2,2,0,0.5042
0,2,2,0,1.3442
0,2,2,0,1.1676
0,2,2,0,0.7851
0,2,2,0,-0.6003
0,2,2,0,-0.9049
0,2,2,0,-0.005
0,2,2,0,1.0835
0,2,2,0,-0.4732
0,2,2,0,-1.8169
0,2,2,0,0.1928
0,2,2,0,-0.82
0,2,2,0,0.7832
0,2,2,0,0.2271
0,2,2,0,-1.1216
0,2,2,0,-0.5521
0,2,2,0,1.2026
0,2,2,0,0.1247
0,2,2,0,2.1595
0,2,2,0,-0.0974
0,2,2,0,2.3732
0,2,2,0,-0.6727
0,2,2,0,-0.2549
0,2,2,0,1.0984
0,2,2,0,-0.4154
0,2,2,0,-0.5474
0,2,2,0,-0.8955
0,2,2,0,-0.7129
0,2,2,0,-0.1738
0,2,2,0,1.0399
0,2,2,0,-0.2868
0,2,2,0,0.583
0,2,2,0,-0.662
0,2,2,0,-0.4835
0,2,2,0,0.6049
0,2,2,0,-2.1784
0,2,2,0,-0.6539
0,2,2,0,0.8673
0,2,2,0,-0.0696
0,2,2,0,-0.1875
0,2,2,0,0.1674
0,2,2,0,-2.2403
0,2,2,0,-0.3435
0,2,2,0,1.0582
0,2,2,0,-0.0461
0,2,2,0,-1.4267
0,2,2,0,1.1382
0,2,2,0,0.3754
0,2,2,0,-0.1973
0,2,2,0,-1.1437
0,2,2,0,0.8989
0,2,2,0,-0.077
0,2,2,0,1.0287
0,2,2,0,-0.3359
0,2,2,0,-0.3871
0,2,2,0,-0.2131
0,2,2,0,-1.1716
0,2,2,0,0.2257
0,2,2,0,-0.7634
0,2,2,0,-1.291
0,2,2,0,1.1185
0,2,2,0,1.6165
0,2,2,0,0.2634
0,2,2,0,1.208
0,2,2,0,-1.4106
0,2,2,0,-0.0108
0,2,2,0,0.9852
0,2,2,0,-2.1695
0,2,2,0,0.7616
0,2,2,0,-1.0408
0,2,2,0,-1.1093
0,2,2,0,0.1802
0,2,2,0,1.5443
0,2,2,0,0.8262
0,2,2,0,-1.0209
0,2,2,0,-0.2417
0,2,2,0,1.1346
0,2,2,0,0.8703
0,2,2,0,-0.2669
0,2,2,0,0.9461
0,2,2,0,-0.0572
0,2,2,0,1.608
0,2,2,0,0.3114
0,2,2,0,1.4163
0,2,2,0,1.0159
0,2,2,0,-0.5801
0,2,2,1,-0.5903
0,2,2,1,1.0124
0,2,2,1,-0.0853
0,2,2,1,0.4384
0,2,2,1,-0.7627
0,2,2,1,-0.0782
0,2,2,1,-0.729
0,2,2,1,-0.8275
0,2,2,1,-0.641
0,2,2,1,-0.0373
0,2,2,1,-0.0816
0,2,2,1,-0.5592
0,2,2,1,0.8874
0,2,2,1,-0.6902
0,2,2,1,0.0074
0,2,2,1,-1.0767
0,2,2,1,1.496
0,2,2,1,-1.2528
0,2,2,1,-0.4299
0,2,2,1,-0.6825
0,2,2,1,-2.0871
0,2,2,1,0.5581
0,2,2,1,-1.4349
0,2,2,1,0.2111
0,2,2,1,0.527
0,2,2,1,0.9384
0,2,2,1,-0.2569
0,2,2,1,0.7536
0,2,2,1,-1.4168
0,2,2,1,-1.4376
0,2,2,1,1.1731
0,2,2,1,-1.3297
0,2,2,1,-0.7103
0,2,2,1,-0.8965
0,2,2,1,0.5376
0,2,2,1,2.0321
0,2,2,1,1.2735
0,2,2,1,-0.7005
0,2,2,1,-0.1767
0,2,2,1,-0.538
0,2,2,1,0.2892
0,2,2,1,-0.0974
0,2,2,1,0.9438
0,2,2,1,-0.2373
0,2,2,1,-0.6783
0,2,2,1,1.75
0,2,2,1,0.3882
0,2,2,1,-1.3088
0,2,2,1,2.1684
0,2,2,1,-0.4602
0,2,2,1,1.0095
0,2,2,1,-0.5334
0,2,2,1,-0.2989
0,2,2,1,0.7302
0,2,2,1,-0.6705
0,2,2,1,0.7575
0,2,2,1,1.19
0,2,2,1,-0.6498
0,2,2,1,0.5454
0,2,2,1,-0.508
0,2,2,1,1.9851
0,2,2,1,0.7592
0,2,2,1,-1.0941
0,2,2,1,-0.5006
0,2,2,1,-0.0472
0,2,2,1,0.8349
0,2,2,1,0.1066
0,2,2,1,-0.5891
0,2,2,1,0.4604
0,2,2,1,-1.5716
0,2,2,1,-0.4042
0,2,2,1,-0.7755
0,2,2,1,-1.1743
0,2,2,1,0.7155
0,2,2,1,-0.7422
0,2,2,1,-1.1882
0,2,2,1,0.3331
0,2,2,1,-1.7925
0,2,2,1,-0.9761
0,2,2,1,1.0155
0,2,2,1,-0.5625
0,2,2,1,0.5424
0,2,2,1,-0.2293
0,2,2,1,-0.6573
0,2,2,1,0.302
0,2,2,1,-1.1891
0,2,2,1,-0.1506
0,2,2,1,0.3104
0,2,2,1,1.4196
0,2,2,1,1.6555
0,2,2,1,1.4703
0,2,2,1,0.9737
0,2,2,1,-0.0703
0,2,2,1,1.8528
0,2,2,1,0.9016
0,2,2,1,-0.0052
0,2,2,1,0.0747
0,2,2,1,-0.4915
0,2,2,1,1.5777
0,2,2,1,0.0408
1,0,0,0,0.1759
1,0,0,0,0.7228
1,0,0,0,-0.1075
1,0,0,0,0.2452
1,0,0,0,-0.3537
1,0,0,0,-0.7862
1,0,0,0,0.1388
1,0,0,0,1.7922
1,0,0,0,0.2902
1,0,0,0,0.8639
1,0,0,0,0.6445
1,0,0,0,-0.0621
1,0,0,0,1.6826
1,0,0,0,0.1309
1,0,0,0,-0.5391
1,0,0,0,-0.9423
1,0,0,0,0.4723
1,0,0,0,-0.7218
1,0,0,0,0.0184
1,0,0,0,-2.8253
1,0,0,0,0.1112
1,0,0,0,1.4372
1,0,0,0,-1.6152
1,0,0,0,0.4925
1,0,0,0,0.6549
1,0,0,0,1.2764
1,0,0,0,1.2041
1,0,0,0,-0.8091
1,0,0,0,-0.3823
1,0,0,0,1.3916
1,0,0,0,-0.7936
1,0,0,0,1.9669
1,0,0,0,-0.3443
1,0,0,0,-0.2214
1,0,0,0,-1.3104
1,0,0,0,-0.87
1,0,0,0,0.6369
1,0,0,0,-0.6705
1,0,0,0,-0.5882
1,0,0,0,2.7472
1,0,0,0,-0.5485
1,0,0,0,-0.5727
1,0,0,0,0.0822
1,0,0,0,0.6829
1,0,0,0,-0.9246
1,0,0,0,1.048
1,0,0,0,0.2188
1,0,0,0,1.1894
1,0,0,0,0.7345
1,0,0,0,2.1087
1,0,0,0,-1.4476
1,0,0,0,0.3404
1,0,0,0,0.4755
1,0,0,0,-0.7693
1,0,0,0,-0.7198
1,0,0,0,1.6514
1,0,0,0,0.9935
1,0,0,0,0.5921
1,0,0,0,0.8845
1,0,0,0,-0.2037
1,0,0,0,-1.0432
1,0,0,0,-0.8922
1,0,0,0,-1.0836
1,0,0,0,-0.1389
1,0,0,0,1.8494
1,0,0,0,0.0879
1,0,0,0,0.3209
1,0,0,0,0.55
1,0,0,0,0.3543
1,0,0,0,1.8858
1,0,0,0,-0.3903
1,0,0,0,-2.0207
1,0,0,0,-0.6151
1,0,0,0,0.7992
1,0,0,0,-0.3877
1,0,0,0,0.0863
1,0,0,0,-0.4682
1,0,0,0,-1.071
1,0,0,0,-0.9597
1,0,0,0,-1.9024
1,0,0,0,-2.8128
1,0,0,0,-1.2624
1,0,0,0,0.8501
1,0,0,0,1.177
1,0,0,0,-1.9767
1,0,0,0,-0.7938
1,0,0,0,0.9814
1,0,0,0,0.8898
1,0,0,0,-0.6018
1,0,0,0,-1.4262
1,0,0,0,-0.8863
1,0,0,0,0.5108
1,0,0,0,0.3088
1,0,0,0,0.3201
1,0,0,0,-1.7397
1,0,0,0,-0.8439
1,0,0,0,-0.3565
1,0,0,0,0.0692
1,0,0,0,0.4779
1,0,0,0,0.2413
1,0,0,1,-1.1073
1,0,0,1,0.3142
1,0,0,1,-0.5442
1,0,0,1,0.3273
1,0,0,1,0.9444
1,0,0,1,1.6048
1,0,0,1,-0.98
1,0,0,1,0.0244
1,0,0,1,1.2942
1,0,0,1,1.7717
1,0,0,1,-0.4992
1,0,0,1,-1.2652
1,0,0,1,-0.6565
1,0,0,1,0.1909
1,0,0,1,-0.466
1,0,0,1,2.2319
1,0,0,1,-0.8458
1,0,0,1,0.0046
1,0,0,1,-0.3932
1,0,0,1,-0.1424
1,0,0,1,-2.0026
1,0,0,1,0.7618
1,0,0,1,-1.2042
1,0,0,1,-0.7248
1,0,0,1,0.1809
1,0,0,1,0.6424
1,0,0,1,-1.1177
1,0,0,1,0.4807
1,0,0,1,-0.8069
1,0,0,1,-2.0127
1,0,0,1,-0.266
1,0,0,1,-0.8622
1,0,0,1,0.0202
1,0,0,1,-0.3811
1,0,0,1,-1.7038
1,0,0,1,1.1258
1,0,0,1,-0.2985
1,0,0,1,-0.1433
1,0,0,1,0.7645
1,0,0,1,-0.0513
1,0,0,1,-0.5829
1,0,0,1,-1.7301
1,0,0,1,-0.2864
1,0,0,1,1.9333
1,0,0,1,-2.0854
1,0,0,1,0.8556
1,0,0,1,-0.9782
1,0,0,1,0.0928
1,0,0,1,-0.6797
1,0,0,1,-1.0607
1,0,0,1,-0.3705
1,0,0,1,0.6293
1,0,0,1,-1.9091
1,0,0,1,-0.0343
1,0,0,1,-0.7866
1,0,0,1,-0.0912
1,0,0,1,1.4843
1,0,0,1,2.0891
1,0,0,1,0.1426
1,0,0,1,-1.6901
1,0,0,1,-0.5673
1,0,0,1,-0.0435
1,0,0,1,-0.0792
1,0,0,1,-1.2834
1,0,0,1,-1.1896
1,0,0,1,0.0562
1,0,0,1,1.2136
1,0,0,1,1.4953
1,0,0,1,0.7364
1,0,0,1,0.3461
1,0,0,1,-0.2084
1,0,0,1,0.1447
1,0,0,1,0.0776
1,0,0,1,-0.7148
1,0,0,1,0.5606
1,0,0,1,-0.8387
1,0,0,1,1.0532
1,0,0,1,-0.968
1,0,0,1,0.5099
1,0,0,1,0.9176
1,0,0,1,0.0685
1,0,0,1,-0.5144
1,0,0,1,-0.0588
1,0,0,1,-1.5611
1,0,0,1,1.2672
1,0,0,1,0.5064
1,0,0,1,-0.1247
1,0,0,1,-0.9136
1,0,0,1,-1.6646
1,0,0,1,-0.384
1,0,0,1,0.3361
1,0,0,1,1.8344
1,0,0,1,-0.2634
1,0,0,1,0.0613
1,0,0,1,-0.7224
1,0,0,1,-0.7552
1,0,0,1,-0.3694
1,0,0,1,-1.3009
1,0,0,1,0.704
1,0,0,1,0.688
1,0,1,0,0.937
1,0,1,0,0.8022
1,0,1,0,-0.1331
1,0,1,0,-0.5365
1,0,1,0,-0.7394
1,0,1,0,-0.1967
1,0,1,0,-0.139
1,0,1,0,0.2548
1,0,1,0,0.6859
1,0,1,0,-1.1385
1,0,1,0,0.4937
1,0,1,0,0.6065
1,0,1,0,-0.6493
1,0,1,0,-0.4926
1,0,1,0,0.9967
1,0,1,0,-1.3271
1,0,1,0,-0.1543
1,0,1,0,0.5576
1,0,1,0,0.5879
1,0,1,0,0.5048
1,0,1,0,-0.2794
1,0,1,0,0.1656
1,0,1,0,-1.4106
1,0,1,0,0.9389
1,0,1,0,1.5513
1,0,1,0,1.0758
1,0,1,0,-0.1704
1,0,1,0,-0.7052
1,0,1,0,-0.1362
1,0,1,0,0.7545
1,0,1,0,-0.7142
1,0,1,0,0.0185
1,0,1,0,2.2454
1,0,1,0,0.0779
1,0,1,0,0.5079
1,0,1,0,0.9284
1,0,1,0,-0.0513
1,0,1,0,1.8428
1,0,1,0,1.779
1,0,1,0,0.0427
1,0,1,0,1.2262
1,0,1,0,-1.4262
1,0,1,0,-0.2961
1,0,1,0,-2.4345
1,0,1,0,1.0281
1,0,1,0,0.8174
1,0,1,0,1.7692
1,0,1,0,-0.1213
1,0,1,0,2.0094
1,0,1,0,-0.3865
1,0,1,0,-0.3694
1,0,1,0,0.272
1,0,1,0,0.4217
1,0,1,0,-1.0011
1,0,1,0,-1.0007
1,0,1,0,2.0452
1,0,1,0,-1.4175
1,0,1,0,-1.0235
1,0,1,0,0.8903
1,0,1,0,-0.1439
1,0,1,0,-0.3772
1,0,1,0,0.8069
1,0,1,0,0.558
1,0,1,0,0.8557
1,0,1,0,1.4086
1,0,1,0,0.2891
1,0,1,0,0.5717
1,0,1,0,1.0287
1,0,1,0,-0.2189
1,0,1,0,0.513
1,0,1,0,1.6427
1,0,1,0,0.5045
1,0,1,0,1.4348
1,0,1,0,-0.3729
1,0,1,0,0.1638
1,0,1,0,-0.0048
1,0,1,0,0.5356
1,0,1,0,1.1043
1,0,1,0,1.3689
1,0,1,0,-0.2624
1,0,1,0,-0.6764
1,0,1,0,0.9256
1,0,1,0,-0.1735
1,0,1,0,-0.824
1,0,1,0,-0.3364
1,0,1,0,-0.3588
1,0,1,0,-0.0156
1,0,1,0,-0.1892
1,0,1,0,0.2338
1,0,1,0,0.3255
1,0,1,0,-0.4742
1,0,1,0,0.2095
1,0,1,0,0.0102
1,0,1,0,0.3585
1,0,1,0,-0.5902
1,0,1,0,-1.4817
1,0,1,0,-0.7326
1,0,1,0,1.8292
1,0,1,0,-1.0934
1,0,1,0,-0.9351
1,0,1,1,0.174
1,0,1,1,1.4733
1,0,1,1,2.1011
1,0,1,1,-0.5684
1,0,1,1,-0.0441
1,0,1,1,0.5545
1,0,1,1,-0.6351
1,0,1,1,-0.2193
1,0,1,1,-0.2022
1,0,1,1,0.1126
1,0,1,1,0.4392
1,0,1,1,-0.5105
1,0,1,1,-1.0364
1,0,1,1,-1.0544
1,0,1,1,0.8967
1,0,1,1,-1.7606
1,0,1,1,-1.5218
1,0,1,1,0.4434
1,0,1,1,-0.224
1,0,1,1,-0.4674
1,0,1,1,0.8248
1,0,1,1,-0.0046
1,0,1,1,0.3188
1,0,1,1,-0.6368
1,0,1,1,2.4425
1,0,1,1,-1.2995
1,0,1,1,0.5746
1,0,1,1,-0.8099
1,0,1,1,-1.0579
1,0,1,1,-0.9207
1,0,1,1,0.5253
1,0,1,1,0.5596
1,0,1,1,0.3936
1,0,1,1,-1.317
1,0,1,1,-0.2167
1,0,1,1,-0.3455
1,0,1,1,-0.6497
1,0,1,1,-0.8355
1,0,1,1,-1.2618
1,0,1,1,1.1229
1,0,1,1,1.8956
1,0,1,1,0.9877
1,0,1,1,0.7324
1,0,1,1,0.6516
1,0,1,1,-1.8664
1,0,1,1,-1.4343
1,0,1,1,1.139
1,0,1,1,-0.9021
1,0,1,1,1.7676
1,0,1,1,-0.1689
1,0,1,1,0.0819
1,0,1,1,-0.2361
1,0,1,1,1.3981
1,0,1,1,-0.0472
1,0,1,1,-2.2222
1,0,1,1,-0.8941
1,0,1,1,-0.6365
1,0,1,1,0.7789
1,0,1,1,-0.0283
1,0,1,1,-0.1732
1,0,1,1,-0.2649
1,0,1,1,2.0868
1,0,1,1,0.8985
1,0,1,1,-0.5648
1,0,1,1,0.6927
1,0,1,1,-1.9289
1,0,1,1,-0.4318
1,0,1,1,-1.163
1,0,1,1,1.046
1,0,1,1,-0.6453
1,0,1,1,0.6256
1,0,1,1,-0.3939
1,0,1,1,-0.9833
1,0,1,1,-1.2139
1,0,1,1,0.6059
1,0,1,1,0.2181
1,0,1,1,0.533
1,0,1,1,-1.1958
1,0,1,1,0.6996
1,0,1,1,0.1273
1,0,1,1,0.3541
1,0,1,1,0.4297
1,0,1,1,-0.3644
1,0,1,1,0.5912
1,0,1,1,-0.1855
1,0,1,1,0.6058
1,0,1,1,-0.5309
1,0,1,1,0.3171
1,0,1,1,-2.4191
1,0,1,1,0.5643
1,0,1,1,1.3244
1,0,1,1,0.67
1,0,1,1,-0.7144
1,0,1,1,1.1538
1,0,1,1,-0.904
1,0,1,1,0.0807
1,0,1,1,0.9016
1,0,1,1,1.3655
1,0,1,1,0.0744
1,0,1,1,0.9477
1,0,2,0,0.1079
1,0,2,0,-0.1314
1,0,2,0,1.3378
1,0,2,0,-1.6655
1,0,2,0,-0.2365
1,0,2,0,-0.2676
1,0,2,0,0.3557
1,0,2,0,-0.3015
1,0,2,0,0.9025
1,0,2,0,-0.1314
1,0,2,0,1.9635
1,0,2,0,-1.1848
1,0,2,0,-1.00E-04
1,0,2,0,0.0563
1,0,2,0,-0.4699
1,0,2,0,-1.6035
1,0,2,0,-0.7957
1,0,2,0,0.9327
1,0,2,0,1.0403
1,0,2,0,-0.7876
1,0,2,0,1.0142
1,0,2,0,-0.7349
1,0,2,0,1.5896
1,0,2,0,-0.1163
1,0,2,0,-0.1661
1,0,2,0,-0.021
1,0,2,0,0.7237
1,0,2,0,-0.1609
1,0,2,0,1.1197
1,0,2,0,2.203
1,0,2,0,0.209
1,0,2,0,1.2515
1,0,2,0,-0.2766
1,0,2,0,0.1824
1,0,2,0,-1.3688
1,0,2,0,-0.0129
1,0,2,0,-0.2173
1,0,2,0,0.6066
1,0,2,0,1.2616
1,0,2,0,0.9468
1,0,2,0,1.1784
1,0,2,0,1.0552
1,0,2,0,-0.6245
1,0,2,0,-0.2131
1,0,2,0,-0.0844
1,0,2,0,-0.2096
1,0,2,0,1.9903
1,0,2,0,0.3047
1,0,2,0,-1.3292
1,0,2,0,-0.7046
1,0,2,0,-1.8546
1,0,2,0,-2.6716
1,0,2,0,-2.0374
1,0,2,0,1.0577
1,0,2,0,-0.1156
1,0,2,0,-0.4578
1,0,2,0,-0.0347
1,0,2,0,1.7256
1,0,2,0,-0.8796
1,0,2,0,-0.4743
1,0,2,0,0.9576
1,0,2,0,-0.0549
1,0,2,0,2.1755
1,0,2,0,0.7059
1,0,2,0,0.4424
1,0,2,0,-1.6484
1,0,2,0,-0.4332
1,0,2,0,1.2465
1,0,2,0,0.9595
1,0,2,0,2.1098
1,0,2,0,1.3071
1,0,2,0,-1.5731
1,0,2,0,0.9387
1,0,2,0,0.7025
1,0,2,0,0.6006
1,0,2,0,1.6834
1,0,2,0,1.3515
1,0,2,0,1.4041
1,0,2,0,-0.7536
1,0,2,0,0.3066
1,0,2,0,-0.1141
1,0,2,0,-0.9314
1,0,2,0,-1.808
1,0,2,0,-0.3032
1,0,2,0,2.0147
1,0,2,0,-1.3348
1,0,2,0,-0.4889
1,0,2,0,1.7429
1,0,2,0,-1.3105
1,0,2,0,-2.0212
1,0,2,0,-0.5913
1,0,2,0,0.4442
1,0,2,0,-1.1575
1,0,2,0,-0.0092
1,0,2,0,-0.5501
1,0,2,0,0.6326
1,0,2,0,1.0177
1,0,2,0,-0.4987
1,0,2,0,0.0379
1,0,2,0,-1.2478
1,0,2,1,-0.4581
1,0,2,1,1.9336
1,0,2,1,-0.115
1,0,2,1,-0.7815
1,0,2,1,-1.5241
1,0,2,1,1.0198
1,0,2,1,1.2559
1,0,2,1,0.2452
1,0,2,1,-1.3728
1,0,2,1,0.6177
1,0,2,1,1.2375
1,0,2,1,-1.6771
1,0,2,1,-0.2378
1,0,2,1,1.0976
1,0,2,1,0.2293
1,0,2,1,0.8222
1,0,2,1,0.545
1,0,2,1,-0.3116
1,0,2,1,0.641
1,0,2,1,-1.4279
1,0,2,1,-0.5753
1,0,2,1,-0.0164
1,0,2,1,-0.9485
1,0,2,1,0.6791
1,0,2,1,0.3018
1,0,2,1,1.0322
1,0,2,1,-1.2867
1,0,2,1,-2.1837
1,0,2,1,-1.1743
1,0,2,1,0.9444
1,0,2,1,0.8618
1,0,2,1,-0.8568
1,0,2,1,-0.9468
1,0,2,1,-1.1431
1,0,2,1,-0.8715
1,0,2,1,-0.0819
1,0,2,1,0.6786
1,0,2,1,-1.1744
1,0,2,1,-0.1211
1,0,2,1,1.1867
1,0,2,1,-0.4603
1,0,2,1,-1.0863
1,0,2,1,-0.5518
1,0,2,1,0.1801
1,0,2,1,1.4993
1,0,2,1,-0.0223
1,0,2,1,-0.2295
1,0,2,1,-0.4092
1,0,2,1,-0.7382
1,0,2,1,-0.3123
1,0,2,1,-1.9824
1,0,2,1,-1.5538
1,0,2,1,0.5245
1,0,2,1,-0.3631
1,0,2,1,-0.1913
1,0,2,1,0.5187
1,0,2,1,-1.1523
1,0,2,1,-0.3506
1,0,2,1,-1.9732
1,0,2,1,-1.9072
1,0,2,1,1.5925
1,0,2,1,0.9528
1,0,2,1,-0.6388
1,0,2,1,0.7137
1,0,2,1,0.8344
1,0,2,1,-1.4985
1,0,2,1,0.58
1,0,2,1,0.1994
1,0,2,1,-0.8058
1,0,2,1,-1.2576
1,0,2,1,-0.2659
1,0,2,1,0.6817
1,0,2,1,0.3257
1,0,2,1,-0.5728
1,0,2,1,0.6529
1,0,2,1,1.1883
1,0,2,1,-1.6281
1,0,2,1,1.4728
1,0,2,1,0.0311
1,0,2,1,-0.4217
1,0,2,1,-0.9522
1,0,2,1,-0.4045
1,0,2,1,-0.8959
1,0,2,1,-0.494
1,0,2,1,-0.411
1,0,2,1,-0.4201
1,0,2,1,-0.6719
1,0,2,1,1.3026
1,0,2,1,-0.5856
1,0,2,1,-0.2272
1,0,2,1,-0.2276
1,0,2,1,0.0075
1,0,2,1,0.1751
1,0,2,1,-1.5989
1,0,2,1,-1.379
1,0,2,1,0.0241
1,0,2,1,3.2871
1,0,2,1,1.125
1,0,2,1,-1.2089
1,0,2,1,-0.0478
1,1,0,0,-1.416
1,1,0,0,1.3465
1,1,0,0,0.6774
1,1,0,0,0.4465
1,1,0,0,0.4485
1,1,0,0,1.5049
1,1,0,0,1.0987
1,1,0,0,0.4207
1,1,0,0,0.0128
1,1,0,0,0.1416
1,1,0,0,0.4525
1,1,0,0,1.2074
1,1,0,0,-0.0062
1,1,0,0,0.8823
1,1,0,0,-1.0971
1,1,0,0,0.3004
1,1,0,0,-0.1335
1,1,0,0,-0.5806
1,1,0,0,-1.6882
1,1,0,0,-0.4795
1,1,0,0,1.8361
1,1,0,0,-0.1505
1,1,0,0,1.0341
1,1,0,0,1.8875
1,1,0,0,0.9341
1,1,0,0,0.8617
1,1,0,0,-0.6633
1,1,0,0,-0.4341
1,1,0,0,0.3893
1,1,0,0,0.7234
1,1,0,0,0.1073
1,1,0,0,2.0424
1,1,0,0,0.6769
1,1,0,0,1.0623
1,1,0,0,0.7674
1,1,0,0,-0.0694
1,1,0,0,-0.8937
1,1,0,0,-0.894
1,1,0,0,0.2307
1,1,0,0,-2.1992
1,1,0,0,0.6839
1,1,0,0,-0.9289
1,1,0,0,-1.0286
1,1,0,0,-0.1136
1,1,0,0,-0.9356
1,1,0,0,-1.3905
1,1,0,0,0.1252
1,1,0,0,-1.9761
1,1,0,0,-0.6566
1,1,0,0,-0.2232
1,1,0,0,-0.9775
1,1,0,0,-1.3498
1,1,0,0,0.1684
1,1,0,0,1.3032
1,1,0,0,-0.7555
1,1,0,0,-1.0176
1,1,0,0,0.9816
1,1,0,0,-0.2069
1,1,0,0,0.6235
1,1,0,0,0.3698
1,1,0,0,-0.7844
1,1,0,0,-0.1575
1,1,0,0,-1.3873
1,1,0,0,0.4449
1,1,0,0,-0.5089
1,1,0,0,1.0716
1,1,0,0,-1.2673
1,1,0,0,-0.3267
1,1,0,0,0.2148
1,1,0,0,0.7329
1,1,0,0,0.6868
1,1,0,0,-0.7617
1,1,0,0,0.2498
1,1,0,0,-1.2717
1,1,0,0,1.0941
1,1,0,0,0.8072
1,1,0,0,0.1292
1,1,0,0,-1.91
1,1,0,0,0.0686
1,1,0,0,-1.4093
1,1,0,0,-0.5911
1,1,0,0,-2.7781
1,1,0,0,0.4803
1,1,0,0,-0.1647
1,1,0,0,-0.6078
1,1,0,0,-0.3426
1,1,0,0,-0.7486
1,1,0,0,-1.3563
1,1,0,0,-0.3846
1,1,0,0,1.0253
1,1,0,0,-2.0074
1,1,0,0,0.0125
1,1,0,0,0.6221
1,1,0,0,0.5584
1,1,0,0,-0.4935
1,1,0,0,0.7583
1,1,0,0,-0.5385
1,1,0,0,-0.135
1,1,0,0,1.9389
1,1,0,0,-1.4226
1,1,0,1,-0.1268
1,1,0,1,0.9599
1,1,0,1,-0.414
1,1,0,1,-1.0886
1,1,0,1,-1.1106
1,1,0,1,-2.5728
1,1,0,1,-0.8071
1,1,0,1,0.1917
1,1,0,1,-1.2281
1,1,0,1,0.8554
1,1,0,1,-0.2522
1,1,0,1,0.3283
1,1,0,1,-0.362
1,1,0,1,-0.5375
1,1,0,1,-0.3975
1,1,0,1,1.445
1,1,0,1,-1.2643
1,1,0,1,-1.1342
1,1,0,1,0.2991
1,1,0,1,1.5619
1,1,0,1,-0.381
1,1,0,1,0.5799
1,1,0,1,-0.4397
1,1,0,1,-0.1367
1,1,0,1,0.9707
1,1,0,1,0.2278
1,1,0,1,-0.1062
1,1,0,1,0.618
1,1,0,1,0.4483
1,1,0,1,2.199
1,1,0,1,1.292
1,1,0,1,1.0901
1,1,0,1,0.519
1,1,0,1,1.4969
1,1,0,1,-0.1709
1,1,0,1,0.0619
1,1,0,1,0.0734
1,1,0,1,0.0779
1,1,0,1,-0.0183
1,1,0,1,1.2751
1,1,0,1,0.515
1,1,0,1,-0.6387
1,1,0,1,-1.6161
1,1,0,1,0.6141
1,1,0,1,-2.3937
1,1,0,1,0.6619
1,1,0,1,0.7886
1,1,0,1,0.1382
1,1,0,1,1.5077
1,1,0,1,-1.8673
1,1,0,1,-0.6881
1,1,0,1,-0.2415
1,1,0,1,-0.5002
1,1,0,1,-0.6105
1,1,0,1,-1.8756
1,1,0,1,0.3272
1,1,0,1,0.5277
1,1,0,1,0.4203
1,1,0,1,0.5103
1,1,0,1,-0.6397
1,1,0,1,1.0478
1,1,0,1,-0.0097
1,1,0,1,0.9731
1,1,0,1,-0.6337
1,1,0,1,-2.5816
1,1,0,1,0.3966
1,1,0,1,-0.4274
1,1,0,1,1.1163
1,1,0,1,-0.1523
1,1,0,1,0.0037
1,1,0,1,2.6481
1,1,0,1,-1.1992
1,1,0,1,0.6044
1,1,0,1,-0.3194
1,1,0,1,0.1188
1,1,0,1,-0.0449
1,1,0,1,1.2436
1,1,0,1,-0.1039
1,1,0,1,0.6053
1,1,0,1,1.1493
1,1,0,1,-1.0191
1,1,0,1,-0.3218
1,1,0,1,-2.5975
1,1,0,1,2.1346
1,1,0,1,0.1938
1,1,0,1,0.6142
1,1,0,1,0.3154
1,1,0,1,-0.3269
1,1,0,1,-0.3489
1,1,0,1,-0.2164
1,1,0,1,-0.0203
1,1,0,1,0.0755
1,1,0,1,-1.1806
1,1,0,1,0.2869
1,1,0,1,1.5443
1,1,0,1,0.4991
1,1,0,1,-0.2872
1,1,0,1,0.2868
1,1,0,1,0.7637
1,1,0,1,-0.6151
1,1,1,0,-2.8817
1,1,1,0,0.8361
1,1,1,0,0.2845
1,1,1,0,-0.2682
1,1,1,0,0.5072
1,1,1,0,1.2424
1,1,1,0,-0.327
1,1,1,0,0.157
1,1,1,0,-0.3427
1,1,1,0,0.9081
1,1,1,0,0.7657
1,1,1,0,0.6344
1,1,1,0,-1.4094
1,1,1,0,0.5088
1,1,1,0,-1.1474
1,1,1,0,2.0499
1,1,1,0,0.4964
1,1,1,0,1.3245
1,1,1,0,0.1658
1,1,1,0,0.4763
1,1,1,0,1.2659
1,1,1,0,0.3221
1,1,1,0,1.2369
1,1,1,0,0.5349
1,1,1,0,0.2154
1,1,1,0,-2.202
1,1,1,0,0.9666
1,1,1,0,0.3524
1,1,1,0,-1.2885
1,1,1,0,0.1948
1,1,1,0,2.1331
1,1,1,0,1.2518
1,1,1,0,0.3803
1,1,1,0,-0.9652
1,1,1,0,-0.2549
1,1,1,0,-0.5377
1,1,1,0,1.6366
1,1,1,0,-0.2691
1,1,1,0,1.7859
1,1,1,0,0.1833
1,1,1,0,-0.5554
1,1,1,0,-0.6144
1,1,1,0,0.2997
1,1,1,0,0.7901
1,1,1,0,0.0012
1,1,1,0,0.23
1,1,1,0,-0.7583
1,1,1,0,-0.0508
1,1,1,0,-1.2134
1,1,1,0,0.4425
1,1,1,0,1.0645
1,1,1,0,-0.7453
1,1,1,0,-0.2312
1,1,1,0,0.0291
1,1,1,0,0.1238
1,1,1,0,0.9951
1,1,1,0,-1.0113
1,1,1,0,1.1954
1,1,1,0,-0.5096
1,1,1,0,-1.4342
1,1,1,0,1.2219
1,1,1,0,-0.0662
1,1,1,0,0.6416
1,1,1,0,-0.8895
1,1,1,0,0.7196
1,1,1,0,-0.1559
1,1,1,0,-1.0478
1,1,1,0,-0.2434
1,1,1,0,-0.222
1,1,1,0,-1.4874
1,1,1,0,0.1879
1,1,1,0,-0.5526
1,1,1,0,0.1444
1,1,1,0,1.9968
1,1,1,0,-1.7412
1,1,1,0,0.8144
1,1,1,0,-0.1699
1,1,1,0,-1.0787
1,1,1,0,1.1612
1,1,1,0,-1.1832
1,1,1,0,-0.9828
1,1,1,0,0.4846
1,1,1,0,-0.2006
1,1,1,0,1.8867
1,1,1,0,-0.2145
1,1,1,0,0.5903
1,1,1,0,0.0641
1,1,1,0,0.0735
1,1,1,0,-0.9061
1,1,1,0,-1.5661
1,1,1,0,-0.618
1,1,1,0,0.7147
1,1,1,0,-0.3524
1,1,1,0,1.6267
1,1,1,0,0.4796
1,1,1,0,0.7114
1,1,1,0,0.583
1,1,1,0,-1.782
1,1,1,0,-1.9622
1,1,1,0,-0.5542
1,1,1,1,-0.3039
1,1,1,1,0.0242
1,1,1,1,0.7441
1,1,1,1,0.7941
1,1,1,1,-2.2917
1,1,1,1,0.2869
1,1,1,1,0.2546
1,1,1,1,-1.5649
1,1,1,1,0.3796
1,1,1,1,-0.0182
1,1,1,1,-1.7619
1,1,1,1,0.476
1,1,1,1,-0.0018
1,1,1,1,0.6514
1,1,1,1,0.7814
1,1,1,1,0.3794
1,1,1,1,1.175
1,1,1,1,0.584
1,1,1,1,-0.2134
1,1,1,1,-0.3447
1,1,1,1,-1.2325
1,1,1,1,-1.7787
1,1,1,1,0.701
1,1,1,1,0.2206
1,1,1,1,-0.5926
1,1,1,1,1.4724
1,1,1,1,0.6046
1,1,1,1,-0.6874
1,1,1,1,0.8146
1,1,1,1,0.5568
1,1,1,1,-1.2206
1,1,1,1,-0.7983
1,1,1,1,-0.2071
1,1,1,1,-1.8309
1,1,1,1,-1.562
1,1,1,1,-1.2753
1,1,1,1,1.4334
1,1,1,1,-1.5017
1,1,1,1,-0.619
1,1,1,1,0.6513
1,1,1,1,-1.6287
1,1,1,1,1.5115
1,1,1,1,1.1804
1,1,1,1,1.4934
1,1,1,1,1.3717
1,1,1,1,-0.1178
1,1,1,1,-0.3547
1,1,1,1,1.3235
1,1,1,1,0.3918
1,1,1,1,-1.7235
1,1,1,1,0.0667
1,1,1,1,-0.0304
1,1,1,1,-0.3214
1,1,1,1,-0.7663
1,1,1,1,-0.1463
1,1,1,1,0.9318
1,1,1,1,0.7932
1,1,1,1,0.7041
1,1,1,1,-1.1829
1,1,1,1,0.7865
1,1,1,1,-1.347
1,1,1,1,0.7446
1,1,1,1,-0.6718
1,1,1,1,1.9438
1,1,1,1,-0.7114
1,1,1,1,0.001
1,1,1,1,-0.435
1,1,1,1,-1.432
1,1,1,1,0.2178
1,1,1,1,0.7015
1,1,1,1,0.2879
1,1,1,1,0.6221
1,1,1,1,-0.6426
1,1,1,1,0.3323
1,1,1,1,0.1565
1,1,1,1,-1.5849
1,1,1,1,0.3765
1,1,1,1,0.4996
1,1,1,1,-0.6239
1,1,1,1,0.2965
1,1,1,1,-1.3675
1,1,1,1,-0.0705
1,1,1,1,-0.1322
1,1,1,1,-0.574
1,1,1,1,1.7842
1,1,1,1,2.8181
1,1,1,1,0.1865
1,1,1,1,-0.8451
1,1,1,1,2.0007
1,1,1,1,1.5377
1,1,1,1,0.3249
1,1,1,1,1.4694
1,1,1,1,-1.4287
1,1,1,1,-0.2869
1,1,1,1,-0.15
1,1,1,1,1.5078
1,1,1,1,-0.09
1,1,1,1,-1.191
1,1,1,1,0.5946
1,1,1,1,-0.8704
1,1,2,0,0.6074
1,1,2,0,0.1258
1,1,2,0,-1.1811
1,1,2,0,-0.5277
1,1,2,0,-0.6221
1,1,2,0,-1.7699
1,1,2,0,-0.6928
1,1,2,0,0.1211
1,1,2,0,0.0502
1,1,2,0,-1.3089
1,1,2,0,-0.194
1,1,2,0,0.434
1,1,2,0,0.8535
1,1,2,0,0.3489
1,1,2,0,-1.146
1,1,2,0,-0.3326
1,1,2,0,0.4346
1,1,2,0,-0.511
1,1,2,0,0.5355
1,1,2,0,0.8462
1,1,2,0,1.9934
1,1,2,0,0.0945
1,1,2,0,0.994
1,1,2,0,0.5346
1,1,2,0,-0.224
1,1,2,0,1.0826
1,1,2,0,0.2472
1,1,2,0,-0.2566
1,1,2,0,0.1665
1,1,2,0,1.1307
1,1,2,0,-0.6076
1,1,2,0,0.1374
1,1,2,0,-0.4013
1,1,2,0,1.3987
1,1,2,0,-1.5935
1,1,2,0,-2.947
1,1,2,0,-0.4598
1,1,2,0,0.2013
1,1,2,0,0.4973
1,1,2,0,0.9822
1,1,2,0,-1.6061
1,1,2,0,1.1265
1,1,2,0,1.7328
1,1,2,0,0.712
1,1,2,0,0.4804
1,1,2,0,-0.4302
1,1,2,0,0.9613
1,1,2,0,0.2238
1,1,2,0,-0.6661
1,1,2,0,0.2694
1,1,2,0,-0.2706
1,1,2,0,1.3761
1,1,2,0,0.2869
1,1,2,0,0.1798
1,1,2,0,0.2307
1,1,2,0,1.8666
1,1,2,0,0.3577
1,1,2,0,0.1513
1,1,2,0,-0.2464
1,1,2,0,2.5236
1,1,2,0,-0.9264
1,1,2,0,-0.5932
1,1,2,0,-0.1998
1,1,2,0,0.0209
1,1,2,0,-0.0718
1,1,2,0,-0.0894
1,1,2,0,0.038
1,1,2,0,-1.6321
1,1,2,0,-1.6016
1,1,2,0,3.7772
1,1,2,0,0.4534
1,1,2,0,1.0676
1,1,2,0,-0.1402
1,1,2,0,-1.2914
1,1,2,0,1.367
1,1,2,0,-0.3325
1,1,2,0,-0.1463
1,1,2,0,0.6538
1,1,2,0,0.993
1,1,2,0,-1.1363
1,1,2,0,0.6696
1,1,2,0,-1.5497
1,1,2,0,-0.7905
1,1,2,0,-1.6439
1,1,2,0,0.3018
1,1,2,0,-2.0655
1,1,2,0,-1.2121
1,1,2,0,1.3319
1,1,2,0,1.3107
1,1,2,0,0.8002
1,1,2,0,-0.6897
1,1,2,0,-0.0912
1,1,2,0,0.1045
1,1,2,0,0.8351
1,1,2,0,-0.4191
1,1,2,0,-0.8
1,1,2,0,0.0099
1,1,2,0,-0.1089
1,1,2,0,1.0002
1,1,2,0,-0.5745
1,1,2,1,-0.2325
1,1,2,1,0.2732
1,1,2,1,0.3856
1,1,2,1,0.1501
1,1,2,1,-1.1142
1,1,2,1,0.2428
1,1,2,1,-0.2981
1,1,2,1,-0.4107
1,1,2,1,-0.2447
1,1,2,1,0.4909
1,1,2,1,0.6471
1,1,2,1,-1.6235
1,1,2,1,0.3828
1,1,2,1,-1.8521
1,1,2,1,0.2649
1,1,2,1,0.7503
1,1,2,1,0.6481
1,1,2,1,1.8227
1,1,2,1,-0.3485
1,1,2,1,-1.3196
1,1,2,1,-0.3377
1,1,2,1,-0.4361
1,1,2,1,-1.3177
1,1,2,1,-0.6126
1,1,2,1,-0.1581
1,1,2,1,-0.9691
1,1,2,1,-1.8502
1,1,2,1,-0.3884
1,1,2,1,0.2042
1,1,2,1,0.3124
1,1,2,1,1.7353
1,1,2,1,0.0993
1,1,2,1,-1.804
1,1,2,1,1.9705
1,1,2,1,0.1095
1,1,2,1,-0.4206
1,1,2,1,0.49
1,1,2,1,-0.6093
1,1,2,1,-0.1383
1,1,2,1,-1.8547
1,1,2,1,-0.0178
1,1,2,1,-1.0011
1,1,2,1,1.496
1,1,2,1,-1.5102
1,1,2,1,-0.2277
1,1,2,1,-0.664
1,1,2,1,0.2311
1,1,2,1,1.74
1,1,2,1,0.6084
1,1,2,1,0.9416
1,1,2,1,-0.7725
1,1,2,1,0.6883
1,1,2,1,1.117
1,1,2,1,0.4021
1,1,2,1,-0.4602
1,1,2,1,-0.1792
1,1,2,1,-0.6597
1,1,2,1,-1.7201
1,1,2,1,0.2187
1,1,2,1,0.225
1,1,2,1,0.9155
1,1,2,1,1.0381
1,1,2,1,0.0557
1,1,2,1,0.2419
1,1,2,1,-0.4239
1,1,2,1,-1.2423
1,1,2,1,-0.038
1,1,2,1,-1.5829
1,1,2,1,-1.7877
1,1,2,1,-2.2575
1,1,2,1,0.0851
1,1,2,1,0.2195
1,1,2,1,0.5564
1,1,2,1,0.2831
1,1,2,1,-0.647
1,1,2,1,0.6313
1,1,2,1,-1.3905
1,1,2,1,-1.0478
1,1,2,1,0.1284
1,1,2,1,-0.4771
1,1,2,1,0.451
1,1,2,1,1.604
1,1,2,1,0.2624
1,1,2,1,0.6748
1,1,2,1,-0.0051
1,1,2,1,0.3449
1,1,2,1,-1.4246
1,1,2,1,-0.353
1,1,2,1,-1.2011
1,1,2,1,-0.3423
1,1,2,1,-0.3864
1,1,2,1,1.8765
1,1,2,1,0.6909
1,1,2,1,-0.1331
1,1,2,1,-1.422
1,1,2,1,0.2885
1,1,2,1,-0.0432
1,1,2,1,-0.0074
1,1,2,1,-0.5099
1,1,2,1,-1.5787
1,2,0,0,0.1381
1,2,0,0,0.4739
1,2,0,0,-0.3672
1,2,0,0,0.575
1,2,0,0,0.2868
1,2,0,0,-0.8262
1,2,0,0,0.7706
1,2,0,0,1.5362
1,2,0,0,-0.6264
1,2,0,0,0.0637
1,2,0,0,-0.2106
1,2,0,0,-2.427
1,2,0,0,0.1436
1,2,0,0,0.6707
1,2,0,0,0.2629
1,2,0,0,0.5216
1,2,0,0,0.4304
1,2,0,0,-0.0709
1,2,0,0,-0.6375
1,2,0,0,-0.0763
1,2,0,0,-0.6501
1,2,0,0,-1.128
1,2,0,0,3.2136
1,2,0,0,0.4576
1,2,0,0,0.7459
1,2,0,0,0.6167
1,2,0,0,0.357
1,2,0,0,1.2104
1,2,0,0,-0.6194
1,2,0,0,-0.2391
1,2,0,0,-0.4517
1,2,0,0,-0.2131
1,2,0,0,-0.0151
1,2,0,0,-0.1287
1,2,0,0,-1.4121
1,2,0,0,-0.1123
1,2,0,0,-0.5387
1,2,0,0,-1.1384
1,2,0,0,0.5209
1,2,0,0,-0.5963
1,2,0,0,0.5083
1,2,0,0,-0.5473
1,2,0,0,1.183
1,2,0,0,-0.8178
1,2,0,0,0.9199
1,2,0,0,0.3544
1,2,0,0,-0.6981
1,2,0,0,-0.6378
1,2,0,0,-0.4523
1,2,0,0,0.5341
1,2,0,0,-1.4739
1,2,0,0,-1.1663
1,2,0,0,-0.9121
1,2,0,0,-1.0063
1,2,0,0,-0.9452
1,2,0,0,-1.5338
1,2,0,0,0.069
1,2,0,0,-1.7265
1,2,0,0,0.9054
1,2,0,0,-0.4913
1,2,0,0,0.0272
1,2,0,0,0.0456
1,2,0,0,-0.7755
1,2,0,0,-0.796
1,2,0,0,0.0252
1,2,0,0,-0.9065
1,2,0,0,-0.7679
1,2,0,0,0.5755
1,2,0,0,0.0148
1,2,0,0,1.109
1,2,0,0,1.4111
1,2,0,0,0.6947
1,2,0,0,-1.2445
1,2,0,0,-0.6347
1,2,0,0,0.0727
1,2,0,0,0.806
1,2,0,0,0.1556
1,2,0,0,-0.9728
1,2,0,0,-0.9824
1,2,0,0,0.1344
1,2,0,0,2.0174
1,2,0,0,-0.0916
1,2,0,0,-0.3981
1,2,0,0,-1.4226
1,2,0,0,0.9959
1,2,0,0,0.7127
1,2,0,0,0.5582
1,2,0,0,-0.0148
1,2,0,0,-0.1445
1,2,0,0,0.2598
1,2,0,0,-0.7167
1,2,0,0,0.0232
1,2,0,0,1.1577
1,2,0,0,-1.8822
1,2,0,0,0.2146
1,2,0,0,0.605
1,2,0,0,0.1835
1,2,0,0,0.8313
1,2,0,0,-0.8125
1,2,0,0,0.1244
1,2,0,1,-2.322
1,2,0,1,-1.8709
1,2,0,1,-0.3548
1,2,0,1,-0.207
1,2,0,1,-1.7661
1,2,0,1,1.2575
1,2,0,1,-0.8791
1,2,0,1,0.7749
1,2,0,1,-0.2218
1,2,0,1,1.0221
1,2,0,1,-0.6154
1,2,0,1,0.2227
1,2,0,1,-0.1782
1,2,0,1,1.1903
1,2,0,1,-0.4368
1,2,0,1,0.8844
1,2,0,1,-0.082
1,2,0,1,-0.3179
1,2,0,1,1.5455
1,2,0,1,-1.6742
1,2,0,1,0.3072
1,2,0,1,-0.8257
1,2,0,1,-0.0669
1,2,0,1,-0.8886
1,2,0,1,1.2813
1,2,0,1,2.0026
1,2,0,1,0.2348
1,2,0,1,0.2935
1,2,0,1,0.373
1,2,0,1,-1.3893
1,2,0,1,0.6075
1,2,0,1,0.8192
1,2,0,1,0.4523
1,2,0,1,0.1832
1,2,0,1,-0.5663
1,2,0,1,0.538
1,2,0,1,1.1575
1,2,0,1,-0.3686
1,2,0,1,1.2932
1,2,0,1,-0.2687
1,2,0,1,2.0365
1,2,0,1,0.3342
1,2,0,1,-0.0549
1,2,0,1,-1.9921
1,2,0,1,1.3797
1,2,0,1,-0.7914
1,2,0,1,1.3636
1,2,0,1,0.6924
1,2,0,1,0.0448
1,2,0,1,0.8129
1,2,0,1,0.6456
1,2,0,1,-1.0747
1,2,0,1,1.0058
1,2,0,1,-0.1258
1,2,0,1,-1.6889
1,2,0,1,0.9725
1,2,0,1,-0.0578
1,2,0,1,0.2625
1,2,0,1,0.483
1,2,0,1,-1.4144
1,2,0,1,0.1376
1,2,0,1,-1.4661
1,2,0,1,-1.5198
1,2,0,1,-1.0751
1,2,0,1,1.7082
1,2,0,1,-0.9306
1,2,0,1,0.5042
1,2,0,1,-0.2021
1,2,0,1,0.4844
1,2,0,1,-0.3818
1,2,0,1,-0.4518
1,2,0,1,0.6218
1,2,0,1,-1.7913
1,2,0,1,0.5375
1,2,0,1,-0.9087
1,2,0,1,0.1818
1,2,0,1,1.0029
1,2,0,1,-1.1457
1,2,0,1,1.8564
1,2,0,1,-0.3097
1,2,0,1,-0.3785
1,2,0,1,-0.9303
1,2,0,1,0.8788
1,2,0,1,-1.6892
1,2,0,1,0.366
1,2,0,1,-1.1918
1,2,0,1,0.4962
1,2,0,1,0.671
1,2,0,1,-0.1338
1,2,0,1,-0.4607
1,2,0,1,-0.639
1,2,0,1,0.7689
1,2,0,1,1.2909
1,2,0,1,-1.8154
1,2,0,1,0.3649
1,2,0,1,-1.0669
1,2,0,1,-1.176
1,2,0,1,2.1686
1,2,0,1,0.164
1,2,0,1,0.1796
1,2,1,0,-0.8111
1,2,1,0,-0.797
1,2,1,0,-0.6459
1,2,1,0,1.0108
1,2,1,0,1.7726
1,2,1,0,-1.2045
1,2,1,0,0.0875
1,2,1,0,-0.774
1,2,1,0,-1.2432
1,2,1,0,0.2786
1,2,1,0,-0.3052
1,2,1,0,2.2629
1,2,1,0,-0.4306
1,2,1,0,-0.4638
1,2,1,0,-0.5057
1,2,1,0,0.9478
1,2,1,0,-0.1577
1,2,1,0,-1.5706
1,2,1,0,1.6046
1,2,1,0,-1.0575
1,2,1,0,0.2117
1,2,1,0,-1.0353
1,2,1,0,-0.8495
1,2,1,0,0.5779
1,2,1,0,0.1521
1,2,1,0,-0.7297
1,2,1,0,-0.2457
1,2,1,0,-0.2528
1,2,1,0,-0.747
1,2,1,0,-0.3092
1,2,1,0,0.764
1,2,1,0,0.8858
1,2,1,0,-0.3873
1,2,1,0,1.1018
1,2,1,0,1.1384
1,2,1,0,-0.3166
1,2,1,0,2.0479
1,2,1,0,1.6583
1,2,1,0,-2.4635
1,2,1,0,1.6691
1,2,1,0,-1.9251
1,2,1,0,1.0121
1,2,1,0,0.5567
1,2,1,0,-0.4989
1,2,1,0,0.1249
1,2,1,0,1.0274
1,2,1,0,0.7286
1,2,1,0,-1.5966
1,2,1,0,-0.0264
1,2,1,0,0.2521
1,2,1,0,0.8832
1,2,1,0,-0.7607
1,2,1,0,0.2101
1,2,1,0,1.1282
1,2,1,0,-0.2613
1,2,1,0,1.3469
1,2,1,0,-0.4527
1,2,1,0,1.6899
1,2,1,0,-1.0783
1,2,1,0,-0.2755
1,2,1,0,-0.9012
1,2,1,0,-0.6438
1,2,1,0,-1.03
1,2,1,0,0.7165
1,2,1,0,-0.6954
1,2,1,0,-0.3907
1,2,1,0,1.0318
1,2,1,0,-1.0831
1,2,1,0,0.4255
1,2,1,0,1.1408
1,2,1,0,-0.9235
1,2,1,0,2.341
1,2,1,0,0.4528
1,2,1,0,-0.261
1,2,1,0,-1.5821
1,2,1,0,0.5767
1,2,1,0,-0.1473
1,2,1,0,0.7433
1,2,1,0,0.2318
1,2,1,0,-1.4918
1,2,1,0,0.9195
1,2,1,0,1.1655
1,2,1,0,0.4234
1,2,1,0,1.2451
1,2,1,0,0.1573
1,2,1,0,1.4374
1,2,1,0,0.3892
1,2,1,0,1.7081
1,2,1,0,1.7157
1,2,1,0,0.8446
1,2,1,0,0.0107
1,2,1,0,-1.4613
1,2,1,0,-0.3517
1,2,1,0,-1.3664
1,2,1,0,-0.5302
1,2,1,0,1.6766
1,2,1,0,0.1507
1,2,1,0,-0.2493
1,2,1,0,-0.0398
1,2,1,0,-1.2593
1,2,1,1,0.3559
1,2,1,1,0.007
1,2,1,1,-0.1114
1,2,1,1,-1.3736
1,2,1,1,-1.0699
1,2,1,1,1.1323
1,2,1,1,-0.1188
1,2,1,1,-0.7493
1,2,1,1,1.0711
1,2,1,1,0.2306
1,2,1,1,1.9821
1,2,1,1,-0.6615
1,2,1,1,-1.1759
1,2,1,1,1.3874
1,2,1,1,-2.061
1,2,1,1,-0.4637
1,2,1,1,0.3246
1,2,1,1,1.6454
1,2,1,1,2.2577
1,2,1,1,-0.4562
1,2,1,1,-0.1468
1,2,1,1,0.415
1,2,1,1,0.3045
1,2,1,1,0.4371
1,2,1,1,-1.7368
1,2,1,1,0.0825
1,2,1,1,0.7403
1,2,1,1,2.2076
1,2,1,1,0.3598
1,2,1,1,-1.5697
1,2,1,1,0.4686
1,2,1,1,0.2723
1,2,1,1,-0.6428
1,2,1,1,0.0564
1,2,1,1,-1.4714
1,2,1,1,-2.2285
1,2,1,1,-1.1858
1,2,1,1,-0.4151
1,2,1,1,1.6852
1,2,1,1,-0.2851
1,2,1,1,0.8973
1,2,1,1,-1.2579
1,2,1,1,-1.545
1,2,1,1,2.5073
1,2,1,1,0.1681
1,2,1,1,1.1965
1,2,1,1,1.6709
1,2,1,1,-0.8807
1,2,1,1,-1.1535
1,2,1,1,1.1536
1,2,1,1,0.1064
1,2,1,1,-0.9155
1,2,1,1,-0.4909
1,2,1,1,0.8514
1,2,1,1,1.0065
1,2,1,1,-0.1347
1,2,1,1,0.3716
1,2,1,1,-0.0895
1,2,1,1,0.7064
1,2,1,1,-0.1598
1,2,1,1,0.6461
1,2,1,1,0.7061
1,2,1,1,-0.8768
1,2,1,1,-1.1029
1,2,1,1,1.425
1,2,1,1,0.8308
1,2,1,1,-0.7511
1,2,1,1,0.032
1,2,1,1,2.6737
1,2,1,1,-0.9254
1,2,1,1,0.7194
1,2,1,1,-0.524
1,2,1,1,-0.7824
1,2,1,1,0.7694
1,2,1,1,-0.4136
1,2,1,1,-0.0757
1,2,1,1,0.6428
1,2,1,1,0.1247
1,2,1,1,0.6826
1,2,1,1,-0.6503
1,2,1,1,2.0374
1,2,1,1,-0.5598
1,2,1,1,1.5601
1,2,1,1,-2.1361
1,2,1,1,-1.7673
1,2,1,1,-0.3971
1,2,1,1,-0.4051
1,2,1,1,0.1135
1,2,1,1,-0.1884
1,2,1,1,0.1167
1,2,1,1,0.5818
1,2,1,1,-2.164
1,2,1,1,0.2077
1,2,1,1,1.6665
1,2,1,1,-1.4648
1,2,1,1,1.2899
1,2,1,1,-0.9343
1,2,1,1,-0.8757
1,2,1,1,-0.2008
1,2,1,1,0.5829
1,2,2,0,1.3938
1,2,2,0,-0.8962
1,2,2,0,0.0071
1,2,2,0,-0.5519
1,2,2,0,0.3904
1,2,2,0,0.7805
1,2,2,0,0.7905
1,2,2,0,-0.5012
1,2,2,0,1.0269
1,2,2,0,-0.8907
1,2,2,0,1.5092
1,2,2,0,-1.2219
1,2,2,0,-0.2428
1,2,2,0,1.1248
1,2,2,0,1.1483
1,2,2,0,-1.2006
1,2,2,0,-0.498
1,2,2,0,0.3638
1,2,2,0,-0.8764
1,2,2,0,-0.1295
1,2,2,0,1.3862
1,2,2,0,-2.1396
1,2,2,0,-0.3041
1,2,2,0,-0.6995
1,2,2,0,0.7518
1,2,2,0,0.304
1,2,2,0,0.1806
1,2,2,0,-0.6454
1,2,2,0,-1.146
1,2,2,0,0.0977
1,2,2,0,-0.3207
1,2,2,0,-0.9523
1,2,2,0,1.9662
1,2,2,0,-1.6964
1,2,2,0,0.0112
1,2,2,0,0.3633
1,2,2,0,-0.8732
1,2,2,0,0.3755
1,2,2,0,-0.8671
1,2,2,0,-0.3881
1,2,2,0,-0.1258
1,2,2,0,1.7957
1,2,2,0,0.0697
1,2,2,0,0.425
1,2,2,0,-0.4282
1,2,2,0,0.8482
1,2,2,0,-0.0802
1,2,2,0,-1.5212
1,2,2,0,0.8977
1,2,2,0,-0.1839
1,2,2,0,0.0156
1,2,2,0,-0.3722
1,2,2,0,-0.9056
1,2,2,0,-1.0223
1,2,2,0,1.4571
1,2,2,0,-0.9826
1,2,2,0,-0.6718
1,2,2,0,1.9362
1,2,2,0,-0.5836
1,2,2,0,-0.1692
1,2,2,0,0.1212
1,2,2,0,-0.5145
1,2,2,0,-0.4588
1,2,2,0,0.3938
1,2,2,0,1.6376
1,2,2,0,-0.2427
1,2,2,0,-0.471
1,2,2,0,0.653
1,2,2,0,-0.0361
1,2,2,0,-0.0161
1,2,2,0,0.2097
1,2,2,0,0.2471
1,2,2,0,-2.268
1,2,2,0,0.7331
1,2,2,0,-0.8385
1,2,2,0,-0.1405
1,2,2,0,0.6303
1,2,2,0,0.2558
1,2,2,0,0.6862
1,2,2,0,0.4757
1,2,2,0,0.7396
1,2,2,0,0.8247
1,2,2,0,0.9035
1,2,2,0,0.3755
1,2,2,0,-0.3833
1,2,2,0,-0.8219
1,2,2,0,0.8103
1,2,2,0,-0.4044
1,2,2,0,0.3977
1,2,2,0,-0.3277
1,2,2,0,1.5571
1,2,2,0,-1.238
1,2,2,0,-0.5704
1,2,2,0,0.9367
1,2,2,0,0.0286
1,2,2,0,1.045
1,2,2,0,-0.5041
1,2,2,0,1.6241
1,2,2,0,-1.0874
1,2,2,0,0.6102
1,2,2,1,0.7905
1,2,2,1,1.2881
1,2,2,1,0.188
1,2,2,1,1.2666
1,2,2,1,-1.0569
1,2,2,1,-1.0771
1,2,2,1,-0.4154
1,2,2,1,1.5124
1,2,2,1,0.3424
1,2,2,1,0.8597
1,2,2,1,0.5592
1,2,2,1,1.1737
1,2,2,1,-1.0945
1,2,2,1,0.4268
1,2,2,1,-1.305
1,2,2,1,0.5177
1,2,2,1,0.2833
1,2,2,1,-0.1217
1,2,2,1,-1.2262
1,2,2,1,1.2324
1,2,2,1,0.2724
1,2,2,1,-0.7402
1,2,2,1,1.099
1,2,2,1,0.7803
1,2,2,1,-1.4013
1,2,2,1,0.0911
1,2,2,1,0.0434
1,2,2,1,-2.4105
1,2,2,1,0.1645
1,2,2,1,0.8972
1,2,2,1,0.5403
1,2,2,1,0.2992
1,2,2,1,0.0678
1,2,2,1,-0.6445
1,2,2,1,-0.2699
1,2,2,1,-0.4517
1,2,2,1,0.579
1,2,2,1,-2.7759
1,2,2,1,-1.761
1,2,2,1,-0.1336
1,2,2,1,-1.0109
1,2,2,1,0.4514
1,2,2,1,1.407
1,2,2,1,0.4699
1,2,2,1,0.5066
1,2,2,1,0.9594
1,2,2,1,-0.9388
1,2,2,1,0.3283
1,2,2,1,0.7724
1,2,2,1,-0.5667
1,2,2,1,1.1684
1,2,2,1,0.956
1,2,2,1,-0.4079
1,2,2,1,0.1248
1,2,2,1,0.946
1,2,2,1,0.3597
1,2,2,1,-1.4202
1,2,2,1,0.1416
1,2,2,1,-0.7992
1,2,2,1,-0.2915
1,2,2,1,-0.0123
1,2,2,1,-1.7702
1,2,2,1,-0.4541
1,2,2,1,-0.1025
1,2,2,1,0.0849
1,2,2,1,0.4817
1,2,2,1,-0.2535
1,2,2,1,0.8098
1,2,2,1,-1.0268
1,2,2,1,0.5374
1,2,2,1,-0.0767
1,2,2,1,-1.7144
1,2,2,1,0.4606
1,2,2,1,-0.3368
1,2,2,1,-3.1017
1,2,2,1,-1.2575
1,2,2,1,-0.4412
1,2,2,1,0.0901
1,2,2,1,0.5024
1,2,2,1,0.8136
1,2,2,1,0.2534
1,2,2,1,1.5068
1,2,2,1,1.0796
1,2,2,1,1.4667
1,2,2,1,0.5598
1,2,2,1,-0.7932
1,2,2,1,-0.5031
1,2,2,1,1.2424
1,2,2,1,1.7461
1,2,2,1,-0.2327
1,2,2,1,-0.0476
1,2,2,1,-0.0875
1,2,2,1,0.3097
1,2,2,1,0.2474
1,2,2,1,0.3411
1,2,2,1,0.783
1,2,2,1,1.2342
1,2,2,1,-1.7664
1,2,2,1,-0.314
1,2,2,1,-0.4298
